Term,Overlap,P.value,Adjusted.P.value,Old.P.value,Old.Adjusted.P.value,Odds.Ratio,Combined.Score,Genes,enrichr
A-Vietnam-1203 CIP048 RG4-2004(H5N1)HAAvirmut 2day-MOI-10^4 GSE37572,6/300,1.1063626492765442e-4,0.03573551357163238,0,0,7.8431372549019605,71.44519709777242,RABEP2;ZNF76;SEMA4G;NEIL1;LUC7L2;TPCN1,Virus Perturbations from GEO down
Human immunodeficiency virus type 1 (isolate 12),2/22,0.0014253691779825303,0.12115638012851508,0,0,35.650623885918,233.63010433320875,KAT2A;E2F4,VirusMINT
SARS-dORF6 36Hour GSE47960,4/300,0.007129555700851383,0.20934968103409063,0,0,5.228758169934641,25.84839927081633,PAN2;NEIL1;N4BP1;ENGASE,Virus Perturbations from GEO up
SARS-dORF6 24Hour GSE47960,4/300,0.007129555700851383,0.2302846491374997,0,0,5.228758169934641,25.84839927081633,CPSF4;SS18L1;E2F4;ENGASE,Virus Perturbations from GEO up
SARS-CoV 60Hour GSE47962,4/300,0.007129555700851383,0.25587183237499966,0,0,5.228758169934641,25.84839927081633,PAN2;KAT2A;E2F4;N4BP1,Virus Perturbations from GEO up
SARS-CoV 48Hour GSE47962,4/300,0.007129555700851383,0.2878558114218746,0,0,5.228758169934641,25.84839927081633,PAN2;E2F4;NEIL1;ENGASE,Virus Perturbations from GEO up
SARS-dORF6 60Hour GSE47960,5/300,9.810632436443602e-4,0.31688342769712835,0,0,6.5359477124183005,45.27368386882464,PTCRA;PAN2;SS18L1;NEIL1;ZNF862,Virus Perturbations from GEO up
SARS-BatSRBD 84Hour GSE47962,4/300,0.007129555700851383,0.3289780701964281,0,0,5.228758169934641,25.84839927081633,KAT2A;SIRT3;TPCN1;ENGASE,Virus Perturbations from GEO up
SARS-BatSRBD 60Hour GSE47962,4/300,0.007129555700851383,0.3838077485624995,0,0,5.228758169934641,25.84839927081633,MLXIPL;ARHGEF10L;N4BP1;PQBP1,Virus Perturbations from GEO up
SARS-dORF6 24Hour GSE47962,3/300,0.04103448164987454,0.4016405325124084,0,0,3.9215686274509802,12.5229119603251,SS18L1;E2F4;NEIL1,Virus Perturbations from GEO up
SARS-CoV 96Hour GSE47962,3/300,0.04103448164987454,0.41419179915342114,0,0,3.9215686274509802,12.5229119603251,E2F4;ZNF862;TPCN1,Virus Perturbations from GEO up
SARS-CoV 96Hour GSE47960,3/300,0.04103448164987454,0.42755282493256375,0,0,3.9215686274509802,12.5229119603251,ARHGEF10L;RAD54L2;N4BP1,Virus Perturbations from GEO up
SARS-CoV 84Hour GSE47962,3/300,0.04103448164987454,0.4418045857636492,0,0,3.9215686274509802,12.5229119603251,PAN2;UBE2D4;SPHK2,Virus Perturbations from GEO up
SARS-CoV 72Hour GSE47960,3/300,0.04103448164987454,0.45703922665205093,0,0,3.9215686274509802,12.5229119603251,PAN2;E2F4;ENGASE,Virus Perturbations from GEO up
SARS-BatSRBD 48Hour GSE47960,4/300,0.007129555700851383,0.4605692982749994,0,0,5.228758169934641,25.84839927081633,PAN2;DCAF8;ZNF76;ENGASE,Virus Perturbations from GEO up
SARS-CoV 48Hour GSE47960,3/300,0.04103448164987454,0.47336205617533844,0,0,3.9215686274509802,12.5229119603251,E2F4;TPCN1;ENGASE,Virus Perturbations from GEO up
SARS-CoV 48Hour GSE17400,3/300,0.04103448164987454,0.49089398418183244,0,0,3.9215686274509802,12.5229119603251,TMEM161A;FMO4;N4BP1,Virus Perturbations from GEO up
SARS-CoV 24Hour GSE47960,3/300,0.04103448164987454,0.5097745220349799,0,0,3.9215686274509802,12.5229119603251,E2F4;SIRT3;ENGASE,Virus Perturbations from GEO up
SARS-CoV 12Hour GSE17400,3/300,0.04103448164987454,0.5301655029163791,0,0,3.9215686274509802,12.5229119603251,CPSF4;DUX1;PNPLA2,Virus Perturbations from GEO up
SARS-CoV 0Hour GSE47961,3/300,0.04103448164987454,0.5522557322045615,0,0,3.9215686274509802,12.5229119603251,PAN2;ZNF76;SEMA4G,Virus Perturbations from GEO up
SARS-BatSRBD 24Hour GSE47960,4/300,0.007129555700851383,0.5757116228437492,0,0,5.228758169934641,25.84839927081633,CPSF4;SLC17A9;SS18L1;ENGASE,Virus Perturbations from GEO up
SARS-CoV MA15 Day1-PFU-10^3 GSE33266,3/300,0.04103448164987454,0.5762668509960642,0,0,3.9215686274509802,12.5229119603251,DUX1;FMO4;N4BP1,Virus Perturbations from GEO up
SARS-BatSRBD 96Hour GSE47962,3/300,0.04103448164987454,0.6024607987686126,0,0,3.9215686274509802,12.5229119603251,SH3BP2;ZNF862;ENGASE,Virus Perturbations from GEO up
SARS-BatSRBD 72Hour GSE47960,3/300,0.04103448164987454,0.6311494082337846,0,0,3.9215686274509802,12.5229119603251,PAN2;E2F4;ENGASE,Virus Perturbations from GEO up
SARS-BatSRBD 36Hour GSE47962,3/300,0.04103448164987454,0.6627068786454738,0,0,3.9215686274509802,12.5229119603251,PAN2;KAT2A;ENGASE,Virus Perturbations from GEO up
Norwalk Virus HG23 GSE15520,3/300,0.04103448164987454,0.6975861880478672,0,0,3.9215686274509802,12.5229119603251,UBE2D4;SS18L1;PQBP1,Virus Perturbations from GEO up
HCoV-EMC2012 7Hour GSE45042,3/300,0.04103448164987454,0.7363409762727486,0,0,3.9215686274509802,12.5229119603251,SS18L1;SLC6A13;ITFG2,Virus Perturbations from GEO up
SARS-BatSRBD 0Hour GSE47962,4/300,0.007129555700851383,0.767615497124999,0,0,5.228758169934641,25.84839927081633,PAN2;SPHK2;ITFG2;PQBP1,Virus Perturbations from GEO up
HCV JFH1 120Hour-Huh7 5 1 GSE29889,3/300,0.04103448164987454,0.7796551513476162,0,0,3.9215686274509802,12.5229119603251,ATF7IP2;SH3BP2;RANBP10,Virus Perturbations from GEO up
SARS-CoV 60Hour GSE47960,2/300,0.17792709644230686,0.821006459298073,0,0,2.6143790849673203,4.51341538074723,SS18L1;CACNG4,Virus Perturbations from GEO up
icSARS CoV 30Hour GSE37827,3/300,0.04103448164987454,0.8283835983068423,0,0,3.9215686274509802,12.5229119603251,SFTPB;E2F4;N4BP1,Virus Perturbations from GEO up
SARS-CoV 48Hour GSE47961,2/300,0.17792709644230686,0.8329051036357263,0,0,2.6143790849673203,4.51341538074723,ARHGEF10L;ENGASE,Virus Perturbations from GEO up
SARS-CoV MA15 Day7-C57BL-6 GSE40824,2/300,0.17792709644230686,0.8451537081009576,0,0,2.6143790849673203,4.51341538074723,SH3BP2;N4BP1,Virus Perturbations from GEO up
SARS-BatSRBD Day2 GSE50000,2/300,0.17792709644230686,0.8577679425502256,0,0,2.6143790849673203,4.51341538074723,GPLD1;LUC7L2,Virus Perturbations from GEO up
SARS-BatSRBD Day1 GSE50000,2/300,0.17792709644230686,0.87076442652825925,0,0,2.6143790849673203,4.51341538074723,PAN2;NEIL1,Virus Perturbations from GEO up
icSARA deltaORF6 0Hour GSE33267,3/300,0.04103448164987454,0.8836091715272985,0,0,3.9215686274509802,12.5229119603251,ZNF76;E2F4;C2ORF72,Virus Perturbations from GEO up
SARS-BatSRBD 84Hour GSE47960,2/300,0.17792709644230686,0.8841608023210018,0,0,2.6143790849673203,4.51341538074723,ZNF862;PQBP1,Virus Perturbations from GEO up
SARS-BatSRBD 60Hour GSE47960,2/300,0.17792709644230686,0.8979758148572674,0,0,2.6143790849673203,4.51341538074723,PAN2;ENGASE,Virus Perturbations from GEO up
SARS-BatSRBD 48Hour GSE47962,2/300,0.17792709644230686,0.9122293992200812,0,0,2.6143790849673203,4.51341538074723,ARHGEF10L;E2F4,Virus Perturbations from GEO up
SARS-BatSRBD 36Hour GSE47960,2/300,0.17792709644230686,0.9269427766268566,0,0,2.6143790849673203,4.51341538074723,E2F4;ENGASE,Virus Perturbations from GEO up
SARS-dORF6 0Hour GSE47962,1/300,0.5378040872105058,0.9389768657783425,0,0,1.3071895424836601,0.8107986082424459,ITFG2,Virus Perturbations from GEO up
SARS-BatSRBD 0Hour GSE47960,2/300,0.17792709644230686,0.9421385598502477,0,0,2.6143790849673203,4.51341538074723,ELK1;PQBP1,Virus Perturbations from GEO up
SARS-CoV 72Hour GSE47962,1/300,0.5378040872105058,0.9440800009184421,0,0,1.3071895424836601,0.8107986082424459,NEIL1,Virus Perturbations from GEO up
A-CA-04-2009(H1N1) 0Hour GSE40844,3/300,0.04103448164987454,0.9467241123506769,0,0,3.9215686274509802,12.5229119603251,ARHGEF10L;RAD54L2;E2F4,Virus Perturbations from GEO up
SARS-CoV 72Hour GSE47961,1/300,0.5378040872105058,0.9492389080272862,0,0,1.3071895424836601,0.8107986082424459,TPCN1,Virus Perturbations from GEO up
SARS-CoV 36Hour GSE47962,1/300,0.5378040872105058,0.9544545064230404,0,0,1.3071895424836601,0.8107986082424459,E2F4,Virus Perturbations from GEO up
RSV 4Hour GSE3397,2/300,0.17792709644230686,0.9578408691810852,0,0,2.6143790849673203,4.51341538074723,SFTPB;ELK1,Virus Perturbations from GEO up
SARS-CoV 24Hour GSE47962,1/300,0.5378040872105058,0.9597277357402948,0,0,1.3071895424836601,0.8107986082424459,DCAF8,Virus Perturbations from GEO up
SARS-CoV 24Hour GSE47961,1/300,0.5378040872105058,0.9650595564944076,0,0,1.3071895424836601,0.8107986082424459,PQBP1,Virus Perturbations from GEO up
SARS-CoV 24Hour GSE17400,1/300,0.5378040872105058,0.9704509506647674,0,0,1.3071895424836601,0.8107986082424459,DCAF8,Virus Perturbations from GEO up
HIV Infected-mDC GSE42058,2/300,0.17792709644230686,0.9740754601841545,0,0,2.6143790849673203,4.51341538074723,SH3BP2;ARHGEF10L,Virus Perturbations from GEO up
SARS-CoV 12Hour GSE47960,1/300,0.5378040872105058,0.9759029222977155,0,0,1.3071895424836601,0.8107986082424459,PTCRA,Virus Perturbations from GEO up
SARS-CoV 0Hour GSE47960,1/300,0.5378040872105058,0.981416498129906,0,0,1.3071895424836601,0.8107986082424459,ENGASE,Virus Perturbations from GEO up
SARS-CoV NSP16 Day7 GSE49263,1/300,0.5378040872105058,0.9869927282329168,0,0,1.3071895424836601,0.8107986082424459,ATF7IP2,Virus Perturbations from GEO up
SARS-CoV 96Hour GSE47962,2/300,0.17792709644230686,0.9908698646700882,0,0,2.6143790849673203,4.51341538074723,UBE2D4;NAAA,Virus Perturbations from GEO down
HHV8 72Hour-BEC GSE16354,2/300,0.17792709644230686,0.9908698646700882,0,0,2.6143790849673203,4.51341538074723,TMEM161A;ELK1,Virus Perturbations from GEO up
SARS-CoV MA15 Day7 GSE49263,1/300,0.5378040872105058,0.9926326866799621,0,0,1.3071895424836601,0.8107986082424459,N4BP1,Virus Perturbations from GEO up
SARS-CoV MA15 Day7-PFU-10^2 GSE33266,1/300,0.5378040872105058,0.998337472235594,0,0,1.3071895424836601,0.8107986082424459,PNPLA2,Virus Perturbations from GEO up
SREBF2 (human),9/1361,0.006910647534860029,1,0,0,2.5932489086744175,12.900614433433448,PTCRA;CPSF4;ATF7IP2;NAAA;E2F4;FMO4;ELK1;PQBP1;PNPLA2,TRANSFAC and JASPAR PWMs
FOXF2 (human),9/1379,0.007513079542513253,1,0,0,2.5593993942754762,12.518303557567052,PAN2;SFTPB;MLXIPL;UBE2D4;SPHK2;ITFG2;LUC7L2;TPCN1;PNPLA2,TRANSFAC and JASPAR PWMs
RXRA (mouse),5/507,0.009243878232537452,1,0,0,3.86742468190432,18.11421958947733,PEX16;SFTPB;TMEM161A;SH3BP2;PQBP1,TRANSFAC and JASPAR PWMs
BRCA1 (human),10/1809,0.014700950882759556,1,0,0,2.1678101865400663,9.147818860788602,MIR631;SFTPB;SPHK2;ATF7IP2;SH3BP2;E2F4;SEMA4G;NEIL1;C2ORF72;PQBP1,TRANSFAC and JASPAR PWMs
LTF (human),8/1363,0.02114314296105154,1,0,0,2.3017277343806195,8.87647406599996,TMEM161A;SPHK2;SH3BP2;ARHGEF10L;RAD54L2;SEMA4G;PQBP1;PNPLA2,TRANSFAC and JASPAR PWMs
KLF13 (human),8/1453,0.029635954854948406,1,0,0,2.1591568492503677,7.597569790689963,PEX16;UBE2D4;RABEP2;SPHK2;SH3BP2;MADCAM1;CACNG4;PQBP1,TRANSFAC and JASPAR PWMs
CBEPA (human),7/1366,0.05701151070438539,1,0,0,2.0095886085034307,5.756470767797994,CPSF4;KAT2A;SH3BP2;MADCAM1;TGM5;FMO4;CACNG4,TRANSFAC and JASPAR PWMs
MYOG (mouse),8/1675,0.060167946391831983,1,0,0,1.8729880011706175,5.264249145675238,SFTPB;SLC6A13;ARHGEF10L;SEMA4G;TGM5;GPLD1;SIRT3;TPCN1,TRANSFAC and JASPAR PWMs
PPARG (human),14/3580,0.06035441051021204,1,0,0,1.5335743235841823,4.3055425048586935,PEX16;SFTPB;CPSF4;UBE2D4;SPHK2;ATF7IP2;SLC6A13;ARHGEF10L;ITFG2;PAN2;SH3BP2;E2F4;LUC7L2;PNPLA2,TRANSFAC and JASPAR PWMs
PITX1 (human),7/1448,0.0732561234692467,1,0,0,1.895785938684866,4.95519284587379,PEX16;PAN2;MLXIPL;NAAA;NEIL1;N4BP1;PNPLA2,TRANSFAC and JASPAR PWMs
MZF1 1-4 (human),11/2705,0.07587917190000719,1,0,0,1.5947229168931896,4.112173320263569,SFTPB;SH3BP2;DCAF8;ARHGEF10L;MADCAM1;E2F4;SEMA4G;TGM5;ITFG2;CACNG4;N4BP1,TRANSFAC and JASPAR PWMs
NFIC (human),16/4403,0.07799651452264486,1,0,0,1.4250533281675148,3.6354409179453846,SFTPB;PFKFB1;CPSF4;TMEM161A;SPHK2;ATF7IP2;FMO4;ELK1;PQBP1;TPCN1;PAN2;SH3BP2;NEIL1;ZNF862;LUC7L2;ENGASE,TRANSFAC and JASPAR PWMs
MIR133B (human),7/1500,0.08487733443224404,1,0,0,1.8300653594771241,4.513944398399019,SFTPB;TMEM161A;UBE2D4;SPHK2;MADCAM1;E2F4;CACNG4,TRANSFAC and JASPAR PWMs
ZFHX3 (human),7/1504,0.08581382829819631,1,0,0,1.8251981643721316,4.481911195109846,SFTPB;CPSF4;MLXIPL;TMEM161A;ATF7IP2;RANBP10;FMO4,TRANSFAC and JASPAR PWMs
MYCN (human),1/42,0.10178573309710841,1,0,0,9.337068160597571,21.33413007545252,SS18L1,TRANSFAC and JASPAR PWMs
SOX2 (human),1/45,0.10865428362703972,1,0,0,8.714596949891067,19.34278123859891,ELK1,TRANSFAC and JASPAR PWMs
MXI1 (human),1/46,0.11093233713692385,1,0,0,8.525149190110826,18.745395045860334,SS18L1,TRANSFAC and JASPAR PWMs
MYOD1 (mouse),7/1672,0.13055134527222928,1,0,0,1.6418050473778028,3.3426964899782887,PTCRA;PEX16;RAD54L2;NEIL1;LUC7L2;TPCN1;PNPLA2,TRANSFAC and JASPAR PWMs
APEX1 (human),6/1373,0.13508557003581756,1,0,0,1.7137226339916882,3.430610255303452,PAN2;MLXIPL;SPHK2;NAAA;E2F4;NEIL1,TRANSFAC and JASPAR PWMs
IKZF1 (human),6/1373,0.13508557003581756,1,0,0,1.7137226339916882,3.430610255303452,PAN2;RANBP10;NEIL1;ITFG2;PQBP1;PNPLA2,TRANSFAC and JASPAR PWMs
RBPJ (mouse),7/1735,0.14995216699387057,1,0,0,1.5821890715940552,3.002107127115357,PTCRA;PAN2;SS18L1;ARHGEF10L;MADCAM1;RAD54L2;CACNG4,TRANSFAC and JASPAR PWMs
NR2C2 (human),1/66,0.15531312215525786,1,0,0,5.941770647653001,11.06543111628396,ITFG2,TRANSFAC and JASPAR PWMs
USF1 (human),6/1441,0.1588479220567378,1,0,0,1.632853002408458,3.0041360158687875,CPSF4;DFFA;UBE2D4;ATF7IP2;SH3BP2;SEMA4G,TRANSFAC and JASPAR PWMs
NR5A2 (human),13/3815,0.16064959718145574,1,0,0,1.3363143422506616,2.4434904644810187,SFTPB;CPSF4;ZNF76;ARHGEF10L;SEMA4G;ELK1;PQBP1;PAN2;SH3BP2;RANBP10;MADCAM1;TGM5;N4BP1,TRANSFAC and JASPAR PWMs
RUNX2 (human),6/1458,0.16506939436959195,1,0,0,1.6138142499798274,2.9071077568953823,PTCRA;SFTPB;ATF7IP2;SH3BP2;RANBP10;RAD54L2,TRANSFAC and JASPAR PWMs
HNF4A (human),8/2127,0.16988927476434626,1,0,0,1.474967043705117,2.6145389404968142,PEX16;PAN2;SH3BP2;MADCAM1;ELK1;CACNG4;N4BP1;PNPLA2,TRANSFAC and JASPAR PWMs
Pax2 (mouse),6/1516,0.18708600533725045,1,0,0,1.5520720161415489,2.601562697919436,PFKFB1;MLXIPL;SH3BP2;SLC6A13;RANBP10;FMO4,TRANSFAC and JASPAR PWMs
ATF2 (human),6/1517,0.1874758928697116,1,0,0,1.5510488968164722,2.5966187338775693,DFFA;UBE2D4;SH3BP2;RAD54L2;PQBP1;SIRT3,TRANSFAC and JASPAR PWMs
SMARCA2 (human),6/1536,0.19494707036721143,1,0,0,1.531862745098039,2.5046372415403955,PEX16;PAN2;SPHK2;SEMA4G;ELK1;TPCN1,TRANSFAC and JASPAR PWMs
HNF1B (human),1/90,0.20570952167960263,1,0,0,4.357298474945534,6.890153351797377,ELK1,TRANSFAC and JASPAR PWMs
Myb (mouse),7/1902,0.20757019333704835,1,0,0,1.443269210944104,2.269231563805289,PFKFB1;ATF7IP2;SLC6A13;RANBP10;FMO4;N4BP1;PQBP1,TRANSFAC and JASPAR PWMs
MAX (human),7/1934,0.21952674487437443,1,0,0,1.4193888517144189,2.1521926446284674,CPSF4;DFFA;KAT2A;UBE2D4;ATF7IP2;SH3BP2;SEMA4G,TRANSFAC and JASPAR PWMs
TP53 (mouse),5/1266,0.21957850297194006,1,0,0,1.5488027754545735,2.3480554252816934,PTCRA;RABEP2;ATF7IP2;RAD54L2;LUC7L2,TRANSFAC and JASPAR PWMs
MYC (human),5/1302,0.23656392420545247,1,0,0,1.5059787355802534,2.1709237898694944,DFFA;SH3BP2;SEMA4G;FMO4;PQBP1,TRANSFAC and JASPAR PWMs
WT1 (human),9/2689,0.24112386305535422,1,0,0,1.3125369151007371,1.867010946034221,CPSF4;MLXIPL;SS18L1;NAAA;ARHGEF10L;NEIL1;CACNG4;SIRT3;PNPLA2,TRANSFAC and JASPAR PWMs
MYOD1 (human),1/109,0.2435051045051163,1,0,0,3.5977693829825506,5.0822715366763385,SH3BP2,TRANSFAC and JASPAR PWMs
USF2 (human),12/3792,0.24964684788075242,1,0,0,1.2410027302060063,1.7221493773502539,CPSF4;DFFA;UBE2D4;ATF7IP2;SH3BP2;RANBP10;SEMA4G;FMO4;ITFG2;GPLD1;SIRT3;PNPLA2,TRANSFAC and JASPAR PWMs
EGR1 (human),3/681,0.25109844087011357,1,0,0,1.7275632720048373,2.3873373447990756,ELK1;SIRT3;ENGASE,TRANSFAC and JASPAR PWMs
CACYBP (human),5/1350,0.25979345539871707,1,0,0,1.4524328249818446,1.9576882585097486,SFTPB;MLXIPL;SH3BP2;MADCAM1;E2F4,TRANSFAC and JASPAR PWMs
TCFAP2A (human),5/1367,0.26816123896171706,1,0,0,1.4343703831203292,1.8878707366438006,SS18L1;SH3BP2;ARHGEF10L;LUC7L2;CACNG4,TRANSFAC and JASPAR PWMs
RUNX1 (human),12/3857,0.26934404089810726,1,0,0,1.220088761457396,1.600470654253795,PEX16;UBE2D4;ATF7IP2;SLC6A13;DCAF8;SEMA4G;TGM5;NEIL1;FMO4;ELK1;PQBP1;PNPLA2,TRANSFAC and JASPAR PWMs
ZBTB7A (human),5/1373,0.2711304717395999,1,0,0,1.4281021949930737,1.8638949037124566,CPSF4;SS18L1;SH3BP2;MADCAM1;SIRT3,TRANSFAC and JASPAR PWMs
ELK1 (mouse),6/1727,0.27580948077162504,1,0,0,1.3624442249395414,1.7548893881700673,PEX16;RABEP2;ATF7IP2;NAAA;PQBP1;SIRT3,TRANSFAC and JASPAR PWMs
CEBPE (human),1/127,0.27768215009109243,1,0,0,3.087849312953528,3.9563938996606325,FMO4,TRANSFAC and JASPAR PWMs
NR1I2 (human),5/1387,0.27808917175621045,1,0,0,1.413687320638421,1.8092560541322824,PEX16;UBE2D4;NAAA;DCAF8;TPCN1,TRANSFAC and JASPAR PWMs
KLF11 (human),5/1388,0.27858780154354634,1,0,0,1.4126688139232637,1.8054218277605274,SLC17A9;SH3BP2;MADCAM1;E2F4;SEMA4G,TRANSFAC and JASPAR PWMs
SREBF1 (mouse),6/1735,0.279385015517552,1,0,0,1.3561620613663332,1.7293296687976054,PAN2;SH3BP2;ELK1;GPLD1;PQBP1;SIRT3,TRANSFAC and JASPAR PWMs
NFYB (mouse),6/1748,0.28522071378644503,1,0,0,1.3460761879122356,1.6886417607950233,PAN2;NAAA;SH3BP2;ELK1;GPLD1;SIRT3,TRANSFAC and JASPAR PWMs
NR5A2 (mouse),6/1748,0.28522071378644503,1,0,0,1.3460761879122356,1.6886417607950233,PEX16;SH3BP2;RANBP10;GPLD1;PQBP1;PNPLA2,TRANSFAC and JASPAR PWMs
NFYA (mouse),6/1748,0.28522071378644503,1,0,0,1.3460761879122356,1.6886417607950233,PAN2;NAAA;SH3BP2;ELK1;GPLD1;SIRT3,TRANSFAC and JASPAR PWMs
CPEB1 (mouse),6/1748,0.28522071378644503,1,0,0,1.3460761879122356,1.6886417607950233,PAN2;NAAA;SH3BP2;ELK1;GPLD1;SIRT3,TRANSFAC and JASPAR PWMs
FOXO3 (human),1/132,0.28690401744075134,1,0,0,2.9708853238265003,3.709469854909061,KAT2A,TRANSFAC and JASPAR PWMs
NFIA (human),5/1416,0.29262901836242394,1,0,0,1.3847346848343856,1.7016306928417282,SH3BP2;SLC6A13;ARHGEF10L;E2F4;ELK1,TRANSFAC and JASPAR PWMs
ZNF354C (human),5/1430,0.29970297173529065,1,0,0,1.371177841766077,1.652219099148056,PAN2;SH3BP2;ITFG2;ZNF862;PQBP1,TRANSFAC and JASPAR PWMs
MTF1 (human),5/1440,0.30477546230000035,1,0,0,1.361655773420479,1.6178921060394589,PAN2;SFTPB;LUC7L2;PQBP1;PNPLA2,TRANSFAC and JASPAR PWMs
PGR (human),5/1447,0.3083353375297751,1,0,0,1.3550686342263236,1.5943294850229401,TMEM161A;SH3BP2;FMO4;GPLD1;CACNG4,TRANSFAC and JASPAR PWMs
GATA6 (human),5/1447,0.3083353375297751,1,0,0,1.3550686342263236,1.5943294850229401,DFFA;SLC6A13;DCAF8;N4BP1;ENGASE,TRANSFAC and JASPAR PWMs
SND1 (human),5/1473,0.32161741442676506,1,0,0,1.3311502469283707,1.5100469813590938,PAN2;SEMA4G;ELK1;PQBP1;SIRT3,TRANSFAC and JASPAR PWMs
KLF4 (human),5/1485,0.3277759215772187,1,0,0,1.3203934772562222,1.4727999867766317,SLC17A9;SH3BP2;MADCAM1;E2F4;SEMA4G,TRANSFAC and JASPAR PWMs
ELF3 (human),5/1488,0.32931803902773643,1,0,0,1.3177313936327217,1.4636455186326418,SH3BP2;ARHGEF10L;RAD54L2;TGM5;FMO4,TRANSFAC and JASPAR PWMs
SREBF1 (human),8/2587,0.3368402524862996,1,0,0,1.2127000007579374,1.3195952483348745,DFFA;TMEM161A;SH3BP2;ARHGEF10L;E2F4;NEIL1;ITFG2;ENGASE,TRANSFAC and JASPAR PWMs
IRF8 (human),5/1550,0.3613612680664036,1,0,0,1.265022137887413,1.2876370379406161,DFFA;ATF7IP2;E2F4;ELK1;CACNG4,TRANSFAC and JASPAR PWMs
ZBTB16 (human),5/1572,0.3727851382999171,1,0,0,1.2473182657286832,1.2307951180470285,PEX16;PAN2;ATF7IP2;LUC7L2;SIRT3,TRANSFAC and JASPAR PWMs
USF1 (mouse),4/1219,0.37776613491576005,1,0,0,1.2868149720922002,1.2526885946753712,SLC6A13;E2F4;LUC7L2;ENGASE,TRANSFAC and JASPAR PWMs
HIF1A (human),5/1586,0.38006183863481646,1,0,0,1.2363078901169546,1.1960305939863605,PAN2;CPSF4;TMEM161A;ARHGEF10L;LUC7L2,TRANSFAC and JASPAR PWMs
NR3C1 (human),5/1590,0.3821414539672577,1,0,0,1.2331976815883585,1.1862923178881075,SFTPB;SPHK2;SLC6A13;FMO4;ENGASE,TRANSFAC and JASPAR PWMs
TEAD2 (mouse),5/1591,0.3826613822890505,1,0,0,1.2324225730518479,1.1838710395672423,SH3BP2;ARHGEF10L;RAD54L2;CACNG4;PQBP1,TRANSFAC and JASPAR PWMs
FOXD1 (human),1/192,0.38895412983122035,1,0,0,2.042483660130719,1.9287047804090174,KAT2A,TRANSFAC and JASPAR PWMs
LEF1 (human),13/4658,0.40735571563293477,1,0,0,1.0944695611177058,0.9829086163258969,PEX16;CPSF4;SPHK2;ATF7IP2;SEMA4G;FMO4;ELK1;SIRT3;TPCN1;SH3BP2;LUC7L2;CACNG4;ENGASE,TRANSFAC and JASPAR PWMs
PITX2 (human),10/3528,0.4116202132613758,1,0,0,1.1115557334044728,0.9866770788708783,PEX16;PAN2;MLXIPL;UBE2D4;NAAA;SH3BP2;DCAF8;NEIL1;GPLD1;PNPLA2,TRANSFAC and JASPAR PWMs
FOXA3 (human),1/207,0.4121405738538448,1,0,0,1.8944775978024058,1.6792474929492485,ATF7IP2,TRANSFAC and JASPAR PWMs
STAT1 (human),5/1667,0.4221353764519082,1,0,0,1.1762353411670607,1.0144197267736657,TMEM161A;ATF7IP2;SH3BP2;ARHGEF10L;PQBP1,TRANSFAC and JASPAR PWMs
HIVEP1 (human),1/218,0.4285935431688877,1,0,0,1.7988846914912753,1.5240983288200587,PAN2,TRANSFAC and JASPAR PWMs
TFAP2A (human),10/3613,0.44316529946007494,1,0,0,1.0854051003185663,0.8833161753107028,PEX16;SFTPB;SPHK2;SS18L1;SH3BP2;ARHGEF10L;RAD54L2;E2F4;CACNG4;PQBP1,TRANSFAC and JASPAR PWMs
FOXO3A (mouse),2/597,0.4524652137116332,1,0,0,1.3137583341544323,1.0418686827242702,PAN2;ATF7IP2,TRANSFAC and JASPAR PWMs
LEF1 (mouse),5/1730,0.4546254831602331,1,0,0,1.133401337413578,0.8934390943092145,PFKFB1;NEIL1;FMO4;ELK1;PNPLA2,TRANSFAC and JASPAR PWMs
NRF1 (human),4/1356,0.4578117274315315,1,0,0,1.1568049048527964,0.903808496569661,PEX16;CPSF4;DCAF8;N4BP1,TRANSFAC and JASPAR PWMs
MIR138 (human),4/1356,0.4578117274315315,1,0,0,1.1568049048527964,0.903808496569661,NAAA;SH3BP2;TGM5;ENGASE,TRANSFAC and JASPAR PWMs
E2F6 (human),4/1358,0.4589620639088844,1,0,0,1.1551012157440295,0.8995786442267768,CPSF4;KAT2A;ARHGEF10L;PQBP1,TRANSFAC and JASPAR PWMs
XBP1 (human),2/605,0.45934553975138176,1,0,0,1.296386323124291,1.0085270357802378,ZNF76;SEMA4G,TRANSFAC and JASPAR PWMs
PCBP1 (human),4/1360,0.46011168097038424,1,0,0,1.1534025374855823,0.8953702817165051,SS18L1;SH3BP2;MADCAM1;LUC7L2,TRANSFAC and JASPAR PWMs
CRX (human),4/1362,0.4612605709554349,1,0,0,1.1517088480032247,0.8911832839013577,PAN2;DFFA;NAAA;PNPLA2,TRANSFAC and JASPAR PWMs
PLAU (human),4/1362,0.4612605709554349,1,0,0,1.1517088480032247,0.8911832839013577,KAT2A;SPHK2;ZNF76;N4BP1,TRANSFAC and JASPAR PWMs
POU2F2 (mouse),5/1754,0.4669026012219574,1,0,0,1.1178929952824914,0.8514259907431128,SLC17A9;ATF7IP2;LUC7L2;SIRT3;ENGASE,TRANSFAC and JASPAR PWMs
LOC135440 (human),1/247,0.46983601486686183,1,0,0,1.5876796062554575,1.1992880046010552,FMO4,TRANSFAC and JASPAR PWMs
ATF4 (human),4/1398,0.48180775578450924,1,0,0,1.1220511094280343,0.8193330431846397,PAN2;SPHK2;ZNF76;N4BP1,TRANSFAC and JASPAR PWMs
NKX2-8 (human),1/256,0.48203137516115246,1,0,0,1.531862745098039,1.1178708231536494,SLC17A9,TRANSFAC and JASPAR PWMs
SP1 (human),4/1406,0.4863371750617865,1,0,0,1.1156667503416728,0.8042318576248085,SS18L1;SH3BP2;MADCAM1;SIRT3,TRANSFAC and JASPAR PWMs
ATF1 (human),1/264,0.4926405111966326,1,0,0,1.4854426619132501,1.0516570961657026,DFFA,TRANSFAC and JASPAR PWMs
RORB (human),3/1035,0.49579297981365683,1,0,0,1.1366865586814434,0.7974956735347414,MLXIPL;RABEP2;SS18L1,TRANSFAC and JASPAR PWMs
PPARA (human),1/271,0.5017485327009842,1,0,0,1.4470732942623543,0.9979830919220425,ITFG2,TRANSFAC and JASPAR PWMs
SRF (human),9/3420,0.51635662498991,1,0,0,1.0319917440660473,0.6821028054923718,PEX16;MLXIPL;NAAA;ZNF76;ARHGEF10L;NEIL1;FMO4;ELK1;ZNF862,TRANSFAC and JASPAR PWMs
HNF1A (human),5/1855,0.5176834736548445,1,0,0,1.057026584218593,0.6959370838888593,PTCRA;SPHK2;SLC6A13;DCAF8;PNPLA2,TRANSFAC and JASPAR PWMs
GLI2 (human),4/1465,0.5192730541538064,1,0,0,1.0707354614200628,0.7016801641045668,E2F4;SEMA4G;PQBP1;SIRT3,TRANSFAC and JASPAR PWMs
NR2F1 (human),3/1073,0.5203343012199766,1,0,0,1.0964311167150924,0.7162806721215577,MLXIPL;RABEP2;SS18L1,TRANSFAC and JASPAR PWMs
HINFP (human),8/3047,0.5237647413481298,1,0,0,1.0296209064525055,0.6658688776434951,MLXIPL;SS18L1;ATF7IP2;FMO4;ELK1;CACNG4;PQBP1;SIRT3,TRANSFAC and JASPAR PWMs
MIB2 (human),4/1490,0.5329551439531988,1,0,0,1.0527701013291222,0.6625271915189426,CPSF4;SH3BP2;SEMA4G;CACNG4,TRANSFAC and JASPAR PWMs
UBTF (human),4/1493,0.5345851677376242,1,0,0,1.0506546892032096,0.6579874396971382,PEX16;PAN2;TMEM161A;MADCAM1,TRANSFAC and JASPAR PWMs
CEBPD (human),4/1495,0.5356704088248493,1,0,0,1.0492491310905632,0.6549793071852252,DFFA;ATF7IP2;ARHGEF10L;PNPLA2,TRANSFAC and JASPAR PWMs
SMAD4 (human),4/1542,0.5608290817742484,1,0,0,1.017268126446428,0.5883259194313033,SFTPB;SPHK2;ELK1;TPCN1,TRANSFAC and JASPAR PWMs
CREB1 (human),7/2749,0.5631631492759125,1,0,0,0.998580589019893,0.5733709014707943,SFTPB;DFFA;SS18L1;ZNF76;SEMA4G;FMO4;N4BP1,TRANSFAC and JASPAR PWMs
RELA (human),7/2775,0.573740564074971,1,0,0,0.9892245186362832,0.5495913438043042,PAN2;SLC17A9;SPHK2;SH3BP2;ARHGEF10L;PQBP1;TPCN1,TRANSFAC and JASPAR PWMs
SMAD4 (mouse),4/1580,0.5806598270263068,1,0,0,0.9928021841648051,0.5396775271794823,MLXIPL;LUC7L2;CACNG4;N4BP1,TRANSFAC and JASPAR PWMs
SPIB (human),2/760,0.5823497767037923,1,0,0,1.0319917440660473,0.5579814456898026,CACNG4;N4BP1,TRANSFAC and JASPAR PWMs
ZNF148 (human),4/1591,0.5863105895895149,1,0,0,0.9859380584414784,0.5263978639157292,SLC17A9;SH3BP2;MADCAM1;SEMA4G,TRANSFAC and JASPAR PWMs
REL (human),1/353,0.59720758436998,1,0,0,1.1109259567849803,0.572671791940223,SS18L1,TRANSFAC and JASPAR PWMs
TBX5 (mouse),4/1663,0.6222491312882719,1,0,0,0.9432516241613903,0.4474924681989166,PFKFB1;ARHGEF10L;MADCAM1;FMO4,TRANSFAC and JASPAR PWMs
NRF1 (mouse),4/1676,0.6285374802406338,1,0,0,0.9359352332818569,0.43461052767813485,TMEM161A;RABEP2;NAAA;LUC7L2,TRANSFAC and JASPAR PWMs
CREB1 (mouse),2/849,0.6434381545991578,1,0,0,0.9238088639460494,0.407334455219407,TMEM161A;ARHGEF10L,TRANSFAC and JASPAR PWMs
NFYA (human),6/2549,0.6462042515661018,1,0,0,0.9230840237232594,0.4030550816040006,PAN2;DFFA;TGM5;NEIL1;FMO4;ELK1,TRANSFAC and JASPAR PWMs
STAT5B (mouse),4/1729,0.6535145688419878,1,0,0,0.9072454892888329,0.3859335693129208,PAN2;SFTPB;PFKFB1;KAT2A,TRANSFAC and JASPAR PWMs
POU2F1 (mouse),4/1735,0.6562743054398682,1,0,0,0.9041080409108888,0.38078899601188865,PFKFB1;ATF7IP2;E2F4;SIRT3,TRANSFAC and JASPAR PWMs
TFAP2D (human),3/1324,0.6651628921842092,1,0,0,0.888572951839346,0.3622919119147412,UBE2D4;SPHK2;PQBP1,TRANSFAC and JASPAR PWMs
CBEPB (human),6/2598,0.6652027129656203,1,0,0,0.905674047910157,0.36921020989061687,PFKFB1;TMEM161A;SPHK2;FMO4;ITFG2;GPLD1,TRANSFAC and JASPAR PWMs
SP3 (human),3/1332,0.6692372546868809,1,0,0,0.8832361773538243,0.35472234670245895,SS18L1;SH3BP2;MADCAM1,TRANSFAC and JASPAR PWMs
NR3C1 (mouse),4/1775,0.6743136234631952,1,0,0,0.8837337752002209,0.348244095739393,DFFA;SH3BP2;RAD54L2;FMO4,TRANSFAC and JASPAR PWMs
HMGA1 (human),3/1379,0.6924709838440529,1,0,0,0.8531331314251588,0.3135169921807812,RAD54L2;FMO4;ELK1,TRANSFAC and JASPAR PWMs
MZF1 (human),3/1389,0.697259238785124,1,0,0,0.8469910642442722,0.30542328568418653,SH3BP2;TGM5;CACNG4,TRANSFAC and JASPAR PWMs
NR5A1 (human),3/1389,0.697259238785124,1,0,0,0.8469910642442722,0.30542328568418653,SFTPB;SLC17A9;ATF7IP2,TRANSFAC and JASPAR PWMs
AHR (human),3/1391,0.6982103661149665,1,0,0,0.8457732481921596,0.30383121538290003,UBE2D4;SPHK2;SH3BP2,TRANSFAC and JASPAR PWMs
SRY (human),1/469,0.7023169645035429,1,0,0,0.8361553576654541,0.2954726037646756,C2ORF72,TRANSFAC and JASPAR PWMs
ETV4 (human),3/1403,0.7038715068316037,1,0,0,0.838539264601065,0.29446099382648017,SH3BP2;ARHGEF10L;FMO4,TRANSFAC and JASPAR PWMs
NR1H2 (human),1/479,0.7100011712577922,1,0,0,0.8186990871505176,0.28039515271953364,UBE2D4,TRANSFAC and JASPAR PWMs
CEBPB (human),3/1420,0.7117577820982844,1,0,0,0.8285004142502069,0.28170473830268744,SFTPB;SS18L1;RAD54L2,TRANSFAC and JASPAR PWMs
RXRA (human),3/1422,0.712675294782436,1,0,0,0.8273351534706709,0.28024271476327994,SPHK2;LUC7L2;N4BP1,TRANSFAC and JASPAR PWMs
GFI1 (human),3/1427,0.7149596196707324,1,0,0,0.82443629168556,0.2766224608334618,PAN2;ITFG2;PNPLA2,TRANSFAC and JASPAR PWMs
SNAI2 (human),3/1428,0.7154148644944507,1,0,0,0.8238589553468445,0.27590432896221506,SH3BP2;GPLD1;PNPLA2,TRANSFAC and JASPAR PWMs
SNAI1 (human),3/1428,0.7154148644944507,1,0,0,0.8238589553468445,0.27590432896221506,SH3BP2;GPLD1;PNPLA2,TRANSFAC and JASPAR PWMs
TCF3 (human),3/1428,0.7154148644944507,1,0,0,0.8238589553468445,0.27590432896221506,SH3BP2;GPLD1;PNPLA2,TRANSFAC and JASPAR PWMs
PURA (human),1/492,0.719700489188659,1,0,0,0.7970667941973537,0.26217132213988764,CPSF4,TRANSFAC and JASPAR PWMs
STAT3 (human),6/2759,0.7232630869960318,1,0,0,0.8528239131825256,0.2762998022162455,UBE2D4;SPHK2;SLC6A13;ARHGEF10L;E2F4;FMO4,TRANSFAC and JASPAR PWMs
ZNF281 (human),2/986,0.7237693669562922,1,0,0,0.7954500258521258,0.2571550660408655,SH3BP2;MADCAM1,TRANSFAC and JASPAR PWMs
Sox17 (mouse),1/500,0.7255104548045064,1,0,0,0.7843137254901961,0.25167042845488546,PFKFB1,TRANSFAC and JASPAR PWMs
FOXA1 (human),3/1457,0.7283827466224128,1,0,0,0.8074609390770722,0.2559074795825804,PTCRA;ITFG2;TPCN1,TRANSFAC and JASPAR PWMs
REPIN1 (human),3/1466,0.7323155383384374,1,0,0,0.8025038118931064,0.2500150827365736,ZNF76;ARHGEF10L;LUC7L2,TRANSFAC and JASPAR PWMs
RELB (human),3/1469,0.7336168563432578,1,0,0,0.8008649341288591,0.24808263383391413,CPSF4;N4BP1;PQBP1,TRANSFAC and JASPAR PWMs
SP1 (mouse),5/2360,0.7345239619311555,1,0,0,0.8308408109006313,0.2563415257898226,SS18L1;SEMA4G;CACNG4;TPCN1;PNPLA2,TRANSFAC and JASPAR PWMs
FOXJ1 (human),3/1484,0.7400515876841615,1,0,0,0.7927699381639448,0.23865180127402982,PEX16;ELK1;TPCN1,TRANSFAC and JASPAR PWMs
NR5A1 (mouse),2/1020,0.7412440344122452,1,0,0,0.7689350249903882,0.23023865952560482,SEMA4G;SIRT3,TRANSFAC and JASPAR PWMs
RORB (mouse),2/1020,0.7412440344122452,1,0,0,0.7689350249903882,0.23023865952560482,PTCRA;SLC6A13,TRANSFAC and JASPAR PWMs
NR2F1 (mouse),2/1021,0.7417438145591693,1,0,0,0.7681819054752165,0.22949538808874972,PTCRA;SLC6A13,TRANSFAC and JASPAR PWMs
ESR1 (human),3/1513,0.7521546013313564,1,0,0,0.7775747443723028,0.22146369836754368,ARHGEF10L;LUC7L2;PQBP1,TRANSFAC and JASPAR PWMs
TP53 (human),6/2866,0.7579923520359183,1,0,0,0.8209843602479372,0.2274799745930325,SFTPB;TMEM161A;NAAA;RAD54L2;ITFG2;PNPLA2,TRANSFAC and JASPAR PWMs
RBPJ (human),3/1535,0.7610423710855354,1,0,0,0.7664303506418854,0.20928625752276958,PEX16;SPHK2;ELK1,TRANSFAC and JASPAR PWMs
CRTC1 (human),2/1086,0.7725448834794918,1,0,0,0.7222041671180442,0.1863757413833774,ATF7IP2;SEMA4G,TRANSFAC and JASPAR PWMs
E2F1 (human),9/4207,0.7740076756298013,1,0,0,0.8389379046127602,0.21491364974947588,TMEM161A;SPHK2;SS18L1;SH3BP2;ARHGEF10L;FMO4;LUC7L2;CACNG4;PQBP1,TRANSFAC and JASPAR PWMs
THRB (human),4/2034,0.7757032704051322,1,0,0,0.7712032699018644,0.1958742286422362,NAAA;ITFG2;SIRT3;TPCN1,TRANSFAC and JASPAR PWMs
TBP (human),5/2486,0.7764725277454297,1,0,0,0.7887306169450885,0.1995441268066253,SH3BP2;ARHGEF10L;RAD54L2;ITFG2;GPLD1,TRANSFAC and JASPAR PWMs
Nkx3-2 (mouse),2/1122,0.7882249168990628,1,0,0,0.699031840900353,0.1663498670539765,NAAA;ARHGEF10L,TRANSFAC and JASPAR PWMs
JUN (human),6/2976,0.7904328148176172,1,0,0,0.790638836179633,0.18593818523685993,SFTPB;CPSF4;RAD54L2;NEIL1;ELK1;ZNF862,TRANSFAC and JASPAR PWMs
HOXA5 (human),6/3000,0.7970740748970826,1,0,0,0.7843137254901961,0.17788836263242674,PFKFB1;RABEP2;ELK1;GPLD1;PQBP1;ENGASE,TRANSFAC and JASPAR PWMs
SPI1 (human),3/1638,0.7993754663623718,1,0,0,0.7182360123536594,0.16083065664041318,CPSF4;ZNF76;SEMA4G,TRANSFAC and JASPAR PWMs
CACYBP (mouse),3/1656,0.8055368532396313,1,0,0,0.7104290991759022,0.15362768215912964,PEX16;CPSF4;ARHGEF10L,TRANSFAC and JASPAR PWMs
TFAP2A (mouse),3/1663,0.8078910805738937,1,0,0,0.7074387181210428,0.15091650866080647,TMEM161A;SEMA4G;ELK1,TRANSFAC and JASPAR PWMs
NFKB1 (human),7/3497,0.8118398143523768,1,0,0,0.7849865711225869,0.1636322022489508,PTCRA;NAAA;SH3BP2;MADCAM1;SEMA4G;N4BP1;PQBP1,TRANSFAC and JASPAR PWMs
E2F1 (mouse),6/3056,0.8119702760240333,1,0,0,0.7699414844471819,0.16037230164167166,PAN2;KAT2A;ATF7IP2;SH3BP2;GPLD1;LUC7L2,TRANSFAC and JASPAR PWMs
SPI1 (mouse),3/1680,0.8135119645537225,1,0,0,0.7002801120448179,0.14453406507574187,SH3BP2;RAD54L2;CACNG4,TRANSFAC and JASPAR PWMs
ETS1 (mouse),3/1681,0.8138383753382973,1,0,0,0.6998635266123105,0.144167329523691,SFTPB;E2F4;PQBP1,TRANSFAC and JASPAR PWMs
YY1 (mouse),3/1700,0.8199518086990145,1,0,0,0.6920415224913494,0.1373769621661632,RABEP2;SPHK2;RANBP10,TRANSFAC and JASPAR PWMs
ETS1 (human),10/4827,0.8202498378931643,1,0,0,0.8124235814068739,0.16097873056536982,PAN2;PFKFB1;CPSF4;SPHK2;SH3BP2;ZNF76;ARHGEF10L;ITFG2;LUC7L2;PQBP1,TRANSFAC and JASPAR PWMs
CREM (human),1/662,0.8207277962639574,1,0,0,0.5923819678928973,0.11703321838141842,ZNF76,TRANSFAC and JASPAR PWMs
FOXA1 (mouse),3/1705,0.8215328990048962,1,0,0,0.6900120752113161,0.13564484721518055,MLXIPL;ARHGEF10L;GPLD1,TRANSFAC and JASPAR PWMs
NFE2 (human),5/2681,0.8315110746599326,1,0,0,0.7313630413000709,0.13494427857937527,SLC17A9;SPHK2;SH3BP2;TGM5;PNPLA2,TRANSFAC and JASPAR PWMs
RUNX2 (mouse),3/1750,0.8352536587635735,1,0,0,0.6722689075630252,0.12102172592510385,MLXIPL;SLC6A13;E2F4,TRANSFAC and JASPAR PWMs
ETV4 (mouse),3/1773,0.8419205086273484,1,0,0,0.6635479911084569,0.11417648850569478,PFKFB1;DCAF8;TGM5,TRANSFAC and JASPAR PWMs
ARNT (human),2/1303,0.8537044676922201,1,0,0,0.6019291830316162,0.09520726026000055,RABEP2;PQBP1,TRANSFAC and JASPAR PWMs
POU2F2 (human),5/2792,0.8577734759709716,1,0,0,0.7022866453171527,0.1077414660738371,RABEP2;SPHK2;SH3BP2;SLC6A13;RAD54L2,TRANSFAC and JASPAR PWMs
MEF2A (human),5/2800,0.8595324563096011,1,0,0,0.7002801120448179,0.10599908474982156,DFFA;TMEM161A;ATF7IP2;ITFG2;LUC7L2,TRANSFAC and JASPAR PWMs
Gata1 (mouse),3/1863,0.865872076438618,1,0,0,0.631492532600802,0.09094635412166206,MLXIPL;TMEM161A;TGM5,TRANSFAC and JASPAR PWMs
FOXF1 (human),2/1352,0.8680224523379902,1,0,0,0.580113702285648,0.08210795794610092,ATF7IP2;TPCN1,TRANSFAC and JASPAR PWMs
TCF4 (human),8/4210,0.8694267011011615,1,0,0,0.7451911881142005,0.10426808163377002,RABEP2;E2F4;SEMA4G;FMO4;ELK1;ZNF862;GPLD1;SIRT3,TRANSFAC and JASPAR PWMs
RARA (human),2/1379,0.8753645409540504,1,0,0,0.5687554209501059,0.07570979888956282,SFTPB;UBE2D4,TRANSFAC and JASPAR PWMs
STAT5B (human),2/1379,0.8753645409540504,1,0,0,0.5687554209501059,0.07570979888956282,SLC6A13;SEMA4G,TRANSFAC and JASPAR PWMs
JUND (human),2/1380,0.8756292895946618,1,0,0,0.5683432793407217,0.0754830707633853,PFKFB1;SLC6A13,TRANSFAC and JASPAR PWMs
FOS (human),2/1394,0.8792830803754792,1,0,0,0.5626353841393085,0.07238213347658991,RAD54L2;ZNF862,TRANSFAC and JASPAR PWMs
FOXO3A (human),1/813,0.8798674389248058,1,0,0,0.4823577647541181,0.061734086024799684,TPCN1,TRANSFAC and JASPAR PWMs
MYOG (human),2/1404,0.8818334950659832,1,0,0,0.5586280096084018,0.07024860169882623,PFKFB1;SPHK2,TRANSFAC and JASPAR PWMs
MYB (human),2/1409,0.8830904106720576,1,0,0,0.5566456532932549,0.06920647004696932,RAD54L2;TGM5,TRANSFAC and JASPAR PWMs
SAMD9L (human),2/1415,0.8845827908088563,1,0,0,0.5542853183676296,0.06797709024803139,KAT2A;ATF7IP2,TRANSFAC and JASPAR PWMs
TP63 (human),2/1443,0.8913223430009042,1,0,0,0.5435299552946612,0.06253265407322169,MLXIPL;ARHGEF10L,TRANSFAC and JASPAR PWMs
ELK4 (human),2/1453,0.8936416623467958,1,0,0,0.5397892123125919,0.06069951784727881,RABEP2;E2F4,TRANSFAC and JASPAR PWMs
TFAP2C (human),2/1485,0.9007650485523541,1,0,0,0.5281573909024889,0.05519816349217974,PEX16;ZNF76,TRANSFAC and JASPAR PWMs
TEAD2 (human),2/1486,0.9009804987542547,1,0,0,0.5278019687013432,0.05503479038871085,SPHK2;SS18L1,TRANSFAC and JASPAR PWMs
JDP2 (human),2/1488,0.9014101233470707,1,0,0,0.5270925574530888,0.05470953937128853,SH3BP2;TGM5,TRANSFAC and JASPAR PWMs
TEAD1 (human),2/1547,0.9133448100261309,1,0,0,0.5069901263672889,0.04595449896702675,ATF7IP2;SLC6A13,TRANSFAC and JASPAR PWMs
En1 (mouse),1/957,0.9182311029789274,1,0,0,0.40977728604503455,0.034956532415426504,SLC17A9,TRANSFAC and JASPAR PWMs
RELA (mouse),2/1656,0.9319781999620432,1,0,0,0.47361939945060144,0.03336452361881985,MADCAM1;TPCN1,TRANSFAC and JASPAR PWMs
IKZF1 (mouse),2/1674,0.9346734527530347,1,0,0,0.46852671773607885,0.031652755680816005,MADCAM1;NEIL1,TRANSFAC and JASPAR PWMs
JUN (mouse),2/1699,0.9382532632118106,1,0,0,0.46163256356103355,0.029422319009415863,SPHK2;GPLD1,TRANSFAC and JASPAR PWMs
IRF2 (mouse),2/1706,0.939222555315317,1,0,0,0.45973840884536693,0.02882689227947118,DFFA;SH3BP2,TRANSFAC and JASPAR PWMs
FOS (mouse),2/1708,0.9394968952003149,1,0,0,0.45920007347201175,0.0286590278138883,SH3BP2;ARHGEF10L,TRANSFAC and JASPAR PWMs
REL (mouse),2/1752,0.9452493767781969,1,0,0,0.4476676515355,0.025206596620494476,SLC17A9;PNPLA2,TRANSFAC and JASPAR PWMs
Stat3 (mouse),2/1762,0.9464838569711449,1,0,0,0.4451269724688967,0.024482590628387597,MLXIPL;DCAF8,TRANSFAC and JASPAR PWMs
HIF1A (mouse),1/1124,0.947851584327423,1,0,0,0.34889400600097686,0.018685836857171158,PAN2,TRANSFAC and JASPAR PWMs
SP3 (mouse),1/1129,0.9485523181018537,1,0,0,0.34734885982736763,0.0183463875195078,PTCRA,TRANSFAC and JASPAR PWMs
NFATC3 (mouse),2/1801,0.9510550805262233,1,0,0,0.4354879097669051,0.021854220239105028,SLC17A9;E2F4,TRANSFAC and JASPAR PWMs
GATA2 (human),20/9985,0.9532062328730075,1,0,0,0.785491963435349,0.03764391283844881,SFTPB;DFFA;SPHK2;SS18L1;SLC6A13;DCAF8;ZNF76;ARHGEF10L;SEMA4G;ITFG2;PQBP1;KAT2A;SH3BP2;MADCAM1;E2F4;TGM5;NEIL1;CACNG4;PNPLA2;ENGASE,TRANSFAC and JASPAR PWMs
MAPK14 (human),1/1190,0.9563924593745887,1,0,0,0.32954358213873786,0.014693335908264372,SLC6A13,TRANSFAC and JASPAR PWMs
ARID3A (mouse),2/1893,0.9604355820020488,1,0,0,0.4143231513418891,0.016725548687328656,ELK1;N4BP1,TRANSFAC and JASPAR PWMs
GATA3 (human),3/2505,0.9627415090624353,1,0,0,0.46964893741927904,0.017832723160058694,CPSF4;SH3BP2;NEIL1,TRANSFAC and JASPAR PWMs
YY1 (human),10/6042,0.9688040444348175,1,0,0,0.649051411362294,0.020570329307254043,UBE2D4;SPHK2;SS18L1;ZNF76;ARHGEF10L;E2F4;GPLD1;LUC7L2;N4BP1;PNPLA2,TRANSFAC and JASPAR PWMs
ETS2 (human),1/1341,0.9711057089241083,1,0,0,0.2924361392580895,0.008574213149988415,LUC7L2,TRANSFAC and JASPAR PWMs
TBP (mouse),4/3182,0.9714889757777289,1,0,0,0.4929690292207392,0.01425930558348811,SFTPB;DFFA;NAAA;RANBP10,TRANSFAC and JASPAR PWMs
TEAD4 (human),1/1354,0.972115965461665,1,0,0,0.2896284067541344,0.008190742203949624,SH3BP2,TRANSFAC and JASPAR PWMs
NR1H3 (human),1/1385,0.974387346017519,1,0,0,0.283145749274439,0.00734660396292254,UBE2D4,TRANSFAC and JASPAR PWMs
GATA1 (human),3/2679,0.9744219573050193,1,0,0,0.4391454230068287,0.01137863034950145,PFKFB1;SPHK2;ATF7IP2,TRANSFAC and JASPAR PWMs
POU2F1 (human),1/1399,0.9753526902453366,1,0,0,0.2803122678664032,0.0069955121470936035,FMO4,TRANSFAC and JASPAR PWMs
POU1F1 (human),1/1408,0.9759543341377115,1,0,0,0.2785204991087344,0.0067790448019726755,DFFA,TRANSFAC and JASPAR PWMs
IRF2 (human),1/1412,0.9762170868411907,1,0,0,0.2777314891962451,0.006685078114654031,NEIL1,TRANSFAC and JASPAR PWMs
NFKB1 (mouse),4/3284,0.9768985009815333,1,0,0,0.47765756729000974,0.011164061421516762,RABEP2;MADCAM1;TPCN1;PNPLA2,TRANSFAC and JASPAR PWMs
ELK1 (human),1/1511,0.9818933864259707,1,0,0,0.259534654364724,0.004742358473393272,TPCN1,TRANSFAC and JASPAR PWMs
EGR1 (mouse),1/1617,0.9864999630399324,1,0,0,0.24252125092461227,0.00329634665631693,SS18L1,TRANSFAC and JASPAR PWMs
HMGA1 (mouse),1/1748,0.9906297559755803,1,0,0,0.22434603131870595,0.0021120879757713794,RANBP10,TRANSFAC and JASPAR PWMs
POU1F1 (mouse),1/1754,0.990785737293208,1,0,0,0.2235785990564983,0.002069661862553484,TPCN1,TRANSFAC and JASPAR PWMs
CBEPA (mouse),1/1764,0.9910400658219448,1,0,0,0.22231114668089458,0.0020008705215997014,LUC7L2,TRANSFAC and JASPAR PWMs
JUND (mouse),1/1764,0.9910400658219448,1,0,0,0.22231114668089458,0.0020008705215997014,SH3BP2,TRANSFAC and JASPAR PWMs
IRF8 (mouse),1/1770,0.9911893448685047,1,0,0,0.2215575495735017,0.0019607175039535953,N4BP1,TRANSFAC and JASPAR PWMs
SRF (mouse),1/1782,0.9914806225029268,1,0,0,0.22006557954270373,0.0018828535531986736,ITFG2,TRANSFAC and JASPAR PWMs
Sox2 (mouse),1/1797,0.9918314663013201,1,0,0,0.21822863814418364,0.0017899285240322057,ELK1,TRANSFAC and JASPAR PWMs
CBEPB (mouse),3/3275,0.9934934197505749,1,0,0,0.35922766052986077,0.0023449808039804104,SLC6A13;MADCAM1;CACNG4,TRANSFAC and JASPAR PWMs
FOXC1 (human),25/13142,0.9953216157524076,1,0,0,0.7459992062568445,0.0034982604341096445,TMEM161A;UBE2D4;ATF7IP2;DCAF8;ARHGEF10L;ELK1;PQBP1;MIR631;SH3BP2;PTCRA;CPSF4;DFFA;SPHK2;SLC6A13;ZNF76;SIRT3;TPCN1;PAN2;MLXIPL;KAT2A;RABEP2;NAAA;RANBP10;NEIL1;GPLD1,TRANSFAC and JASPAR PWMs
FOXL1 (human),5/5755,0.9997481311879112,1,0,0,0.3407096983015621,8.582495574695362e-5,DFFA;UBE2D4;NAAA;SH3BP2;DCAF8,TRANSFAC and JASPAR PWMs
NKX2-1 human,1/6,0.015204551534686514,1,0,0,65.359477124183,273.6052583583368,SFTPB,TRRUST Transcription Factors 2019
TCF12 mouse,1/7,0.01771652174638986,1,0,0,56.02240896358543,225.95280911930902,PTCRA,TRRUST Transcription Factors 2019
BTF3 human,1/9,0.02272163384460635,1,0,0,43.57298474945533,164.89924947887437,MADCAM1,TRRUST Transcription Factors 2019
LMO2 human,1/10,0.02521480619684272,1,0,0,39.21568627450981,144.3264278239,ELK1,TRRUST Transcription Factors 2019
FOXA1 mouse,1/10,0.02521480619684272,1,0,0,39.21568627450981,144.3264278239,SFTPB,TRRUST Transcription Factors 2019
NKX2-1 mouse,1/11,0.027701743059261864,1,0,0,35.650623885918,127.8524043294645,SFTPB,TRRUST Transcription Factors 2019
PARP1 mouse,1/11,0.027701743059261864,1,0,0,35.650623885918,127.8524043294645,SH3BP2,TRRUST Transcription Factors 2019
ATF4 mouse,1/13,0.03265697112339821,1,0,0,30.165912518853695,103.21861041867754,SPHK2,TRRUST Transcription Factors 2019
NF1 human,1/14,0.035125292681812,1,0,0,28.011204481792713,93.80486887352002,SFTPB,TRRUST Transcription Factors 2019
FOXM1 human,1/17,0.04249326897973699,1,0,0,23.06805074971165,72.85835276913689,SFTPB,TRRUST Transcription Factors 2019
NR1H3 mouse,1/17,0.04249326897973699,1,0,0,23.06805074971165,72.85835276913689,MLXIPL,TRRUST Transcription Factors 2019
SMARCA4 mouse,1/19,0.04737458019912608,1,0,0,20.639834881320947,62.944674444808555,SFTPB,TRRUST Transcription Factors 2019
FOXA1 human,1/21,0.0522314930213008,1,0,0,18.674136321195142,55.127351100472715,SFTPB,TRRUST Transcription Factors 2019
FOXM1 mouse,1/23,0.05706412685544591,1,0,0,17.05029838022165,48.82488680257075,SFTPB,TRRUST Transcription Factors 2019
PARP1 human,1/25,0.0618726005630431,1,0,0,15.686274509803921,43.649848433322354,SH3BP2,TRRUST Transcription Factors 2019
STAT5A mouse,1/25,0.0618726005630431,1,0,0,15.686274509803921,43.649848433322354,SFTPB,TRRUST Transcription Factors 2019
RARA human,1/26,0.06426781435749045,1,0,0,15.082956259426847,41.3981346511848,SFTPB,TRRUST Transcription Factors 2019
NR3C1 human,1/38,0.09254689432531574,1,0,0,10.319917440660474,24.56181421308929,ELK1,TRRUST Transcription Factors 2019
TCF3 mouse,1/44,0.10637050785386946,1,0,0,8.9126559714795,19.971719450277273,PTCRA,TRRUST Transcription Factors 2019
FOS human,1/57,0.13561724993503824,1,0,0,6.879944960440316,13.745570689069687,FMO4,TRRUST Transcription Factors 2019
JUN mouse,1/131,0.28506892612655743,1,0,0,2.9935638377488396,3.7569953057788763,SFTPB,TRRUST Transcription Factors 2019
JUN human,1/149,0.31740319466081307,1,0,0,2.6319252533228052,3.020351114216481,NEIL1,TRRUST Transcription Factors 2019
SP1 mouse,1/270,0.5004572696577173,1,0,0,1.4524328249818446,1.0054220176917894,SFTPB,TRRUST Transcription Factors 2019
RELA human,1/301,0.5390006318861585,1,0,0,1.3028467200833822,0.8052094791782838,MADCAM1,TRRUST Transcription Factors 2019
NFKB1 human,1/303,0.5413846176272331,1,0,0,1.294247071766,0.794182766349277,MADCAM1,TRRUST Transcription Factors 2019
A-CA-04-2009(H1N1) 12Hour GSE47960,4/300,0.007129555700851383,1,0,0,5.228758169934641,25.84839927081633,UBE2D4;E2F4;NEIL1;TPCN1,Virus Perturbations from GEO down
hMPV 6Hour GSE8961,3/300,0.04103448164987454,1,0,0,3.9215686274509802,12.5229119603251,SH3BP2;TGM5;N4BP1,Virus Perturbations from GEO down
icSARA deltaORF6 36Hour GSE33267,3/300,0.04103448164987454,1,0,0,3.9215686274509802,12.5229119603251,SS18L1;E2F4;TGM5,Virus Perturbations from GEO down
A-Netherlands-602-2009(H1N1) 48Hour GSE40844,3/300,0.04103448164987454,1,0,0,3.9215686274509802,12.5229119603251,ARHGEF10L;NEIL1;SIRT3,Virus Perturbations from GEO down
A-VN-1203-2004(H5N1) Day2-10^3pfu GSE33263,3/300,0.04103448164987454,1,0,0,3.9215686274509802,12.5229119603251,DFFA;UBE2D4;NEIL1,Virus Perturbations from GEO down
A-VN-1203-2004(H5N1) Day7-10^2pfu GSE33263,3/300,0.04103448164987454,1,0,0,3.9215686274509802,12.5229119603251,DUX1;E2F4;ITFG2,Virus Perturbations from GEO down
A-Vietnam-1203-2004(H5N1) 0Hour GSE28166,3/300,0.04103448164987454,1,0,0,3.9215686274509802,12.5229119603251,DCAF8;SEMA4G;ITFG2,Virus Perturbations from GEO down
A-Vietnam-1203-2004(H5N1) 3Hour GSE28166,3/300,0.04103448164987454,1,0,0,3.9215686274509802,12.5229119603251,SS18L1;RANBP10;ITFG2,Virus Perturbations from GEO down
A-Vietnam-1203 CIP048 RG3-2004(H5N1)mutPB1-F2del 0Hour GSE43203,3/300,0.04103448164987454,1,0,0,3.9215686274509802,12.5229119603251,RANBP10;ITFG2;TPCN1,Virus Perturbations from GEO down
Dhori Virus 24Hour GSE17400,3/300,0.04103448164987454,1,0,0,3.9215686274509802,12.5229119603251,SH3BP2;ITFG2;LUC7L2,Virus Perturbations from GEO down
SARS-BatSRBD 96Hour GSE47961,3/300,0.04103448164987454,1,0,0,3.9215686274509802,12.5229119603251,SS18L1;ATF7IP2;NAAA,Virus Perturbations from GEO down
SARS-CoV 72Hour GSE47962,3/300,0.04103448164987454,1,0,0,3.9215686274509802,12.5229119603251,PTCRA;DFFA;NAAA,Virus Perturbations from GEO down
A-CA-04-2009(H1N1)MA Day3 GSE36328,2/300,0.17792709644230686,1,0,0,2.6143790849673203,4.51341538074723,MLXIPL;SIRT3,Virus Perturbations from GEO down
SARS-dORF6 72Hour GSE47960,2/300,0.17792709644230686,1,0,0,2.6143790849673203,4.51341538074723,DFFA;UBE2D4,Virus Perturbations from GEO down
SARS-dORF6 84Hour GSE47960,2/300,0.17792709644230686,1,0,0,2.6143790849673203,4.51341538074723,DTX2P1-UPK3BP1-PMS2P11;DFFA,Virus Perturbations from GEO down
SARS-dORF6 84Hour GSE47962,2/300,0.17792709644230686,1,0,0,2.6143790849673203,4.51341538074723,NAAA;LUC7L2,Virus Perturbations from GEO down
A-CA-04-2009(H1N1) 12Hour GSE47961,2/300,0.17792709644230686,1,0,0,2.6143790849673203,4.51341538074723,PAN2;FMO4,Virus Perturbations from GEO down
A-CA-04-2009(H1N1) 12Hour GSE37571,2/300,0.17792709644230686,1,0,0,2.6143790849673203,4.51341538074723,PFKFB1;E2F4,Virus Perturbations from GEO down
A-CA-04-2009(H1N1) 24Hour GSE47960,2/300,0.17792709644230686,1,0,0,2.6143790849673203,4.51341538074723,CPSF4;FMO4,Virus Perturbations from GEO down
A-CA-04-2009(H1N1) 30Hour GSE37571,2/300,0.17792709644230686,1,0,0,2.6143790849673203,4.51341538074723,ARHGEF10L;NEIL1,Virus Perturbations from GEO down
A-CA-04-2009(H1N1) 36Hour GSE47962,2/300,0.17792709644230686,1,0,0,2.6143790849673203,4.51341538074723,PAN2;UBE2D4,Virus Perturbations from GEO down
A-CA-04-2009(H1N1) 6Hour GSE47961,2/300,0.17792709644230686,1,0,0,2.6143790849673203,4.51341538074723,DCAF8;FMO4,Virus Perturbations from GEO down
icSARA deltaORF6 30Hour GSE33267,2/300,0.17792709644230686,1,0,0,2.6143790849673203,4.51341538074723,E2F4;TGM5,Virus Perturbations from GEO down
A-CA-04-2009(H1N1) Day1 GSE36328,2/300,0.17792709644230686,1,0,0,2.6143790849673203,4.51341538074723,ATF7IP2;FMO4,Virus Perturbations from GEO down
icSARA deltaORF6 54Hour GSE33267,2/300,0.17792709644230686,1,0,0,2.6143790849673203,4.51341538074723,PTCRA;RANBP10,Virus Perturbations from GEO down
icSARS CoV 0Hour GSE33267,2/300,0.17792709644230686,1,0,0,2.6143790849673203,4.51341538074723,SFTPB;SIRT3,Virus Perturbations from GEO down
A-VN-1203-2004(H5N1) Day1-10^3pfu GSE33263,2/300,0.17792709644230686,1,0,0,2.6143790849673203,4.51341538074723,PFKFB1;KAT2A,Virus Perturbations from GEO down
A-VN-1203-2004(H5N1) Day1-10^4pfu GSE33263,2/300,0.17792709644230686,1,0,0,2.6143790849673203,4.51341538074723,PFKFB1;TPCN1,Virus Perturbations from GEO down
icSARS CoV 72Hour GSE33267,2/300,0.17792709644230686,1,0,0,2.6143790849673203,4.51341538074723,PEX16;KAT2A,Virus Perturbations from GEO down
A-Vietnam-1203-2004(H5N1) 24Hour GSE43204,2/300,0.17792709644230686,1,0,0,2.6143790849673203,4.51341538074723,CPSF4;SIRT3,Virus Perturbations from GEO down
icSARS CoV 7Hour GSE37827,2/300,0.17792709644230686,1,0,0,2.6143790849673203,4.51341538074723,PAN2;SH3BP2,Virus Perturbations from GEO down
icSARS-Cov Day7 GSE50000,2/300,0.17792709644230686,1,0,0,2.6143790849673203,4.51341538074723,NEIL1;TPCN1,Virus Perturbations from GEO down
A-Vietnam-1203 CIP048 RG3-2004(H5N1)mutPB1-F2del 24Hour GSE43203,2/300,0.17792709644230686,1,0,0,2.6143790849673203,4.51341538074723,ARHGEF10L;SIRT3,Virus Perturbations from GEO down
A-Vietnam-1203 CIP048 RG3-2004(H5N1)mutPB2-627E 24Hour GSE43203,2/300,0.17792709644230686,1,0,0,2.6143790849673203,4.51341538074723,ARHGEF10L;SIRT3,Virus Perturbations from GEO down
A-Vietnam-1203 CIP048 RG4-2004(H5N1)HAAvirmut 4day-MOI-10^4 GSE37572,2/300,0.17792709644230686,1,0,0,2.6143790849673203,4.51341538074723,RANBP10;FMO4,Virus Perturbations from GEO down
A-Vietnam-1203 CIP048 RG4-2004(H5N1)NS1trunc124 2day-MOI-10^3 GSE44445,2/300,0.17792709644230686,1,0,0,2.6143790849673203,4.51341538074723,ZNF76;ENGASE,Virus Perturbations from GEO down
A-Vietnam-1203 CIP048 RG4-2004(H5N1)PB2-627E 1day-MOI-10^4 GSE43301,2/300,0.17792709644230686,1,0,0,2.6143790849673203,4.51341538074723,PAN2;ZNF76,Virus Perturbations from GEO down
A CA 04 2009 4dayMOI-10^4 GSE37569,2/300,0.17792709644230686,1,0,0,2.6143790849673203,4.51341538074723,DCAF8;LUC7L2,Virus Perturbations from GEO down
A CA 04 2009 4dayMOI-10^5 GSE37569,2/300,0.17792709644230686,1,0,0,2.6143790849673203,4.51341538074723,DCAF8;LUC7L2,Virus Perturbations from GEO down
A CA 04 2009 7dayMOI-10^3 GSE37569,2/300,0.17792709644230686,1,0,0,2.6143790849673203,4.51341538074723,FMO4;ENGASE,Virus Perturbations from GEO down
A CA 04 2009 7dayMOI-10^4 GSE37569,2/300,0.17792709644230686,1,0,0,2.6143790849673203,4.51341538074723,LUC7L2;TPCN1,Virus Perturbations from GEO down
Dhori Virus 12Hour GSE17400,2/300,0.17792709644230686,1,0,0,2.6143790849673203,4.51341538074723,KAT2A;DUX1,Virus Perturbations from GEO down
HCV JFH1 96Hour-Huh7 5 1c2 GSE29889,2/300,0.17792709644230686,1,0,0,2.6143790849673203,4.51341538074723,UBE2D4;C2ORF72,Virus Perturbations from GEO down
HCoV-EMC2012 24Hour GSE45042,2/300,0.17792709644230686,1,0,0,2.6143790849673203,4.51341538074723,ITFG2;ENGASE,Virus Perturbations from GEO down
RSV-A2 24Hour-KO RSV GSE18170,2/300,0.17792709644230686,1,0,0,2.6143790849673203,4.51341538074723,E2F4;GPLD1,Virus Perturbations from GEO down
Rabies CVS-11 7day-Spinalcord GSE30577,2/300,0.17792709644230686,1,0,0,2.6143790849673203,4.51341538074723,DCAF8;GPLD1,Virus Perturbations from GEO down
SARS-BatSRBD 96Hour GSE47962,2/300,0.17792709644230686,1,0,0,2.6143790849673203,4.51341538074723,PEX16;UBE2D4,Virus Perturbations from GEO down
SARS-CoV MA15 Day1-PFU-10^2 GSE33266,2/300,0.17792709644230686,1,0,0,2.6143790849673203,4.51341538074723,PEX16;PFKFB1,Virus Perturbations from GEO down
SARS-CoV MA15 Day2-PFU-10^2 GSE33266,2/300,0.17792709644230686,1,0,0,2.6143790849673203,4.51341538074723,PFKFB1;N4BP1,Virus Perturbations from GEO down
SARS-CoV MA15 Day2 GSE49263,2/300,0.17792709644230686,1,0,0,2.6143790849673203,4.51341538074723,RABEP2;GPLD1,Virus Perturbations from GEO down
SARS-CoV MA15 Day4-PFU-10^4 GSE50000,2/300,0.17792709644230686,1,0,0,2.6143790849673203,4.51341538074723,PAN2;ELK1,Virus Perturbations from GEO down
SARS-CoV MA15 Day7-PFU-10^3 GSE33266,2/300,0.17792709644230686,1,0,0,2.6143790849673203,4.51341538074723,DFFA;TPCN1,Virus Perturbations from GEO down
SARS-CoV MA15 Day7-PFU-10^4 GSE33266,2/300,0.17792709644230686,1,0,0,2.6143790849673203,4.51341538074723,SIRT3;TPCN1,Virus Perturbations from GEO down
SARS-CoV MA15 Day7-PFU-10^5 GSE50000,2/300,0.17792709644230686,1,0,0,2.6143790849673203,4.51341538074723,GPLD1;LUC7L2,Virus Perturbations from GEO down
SARS-CoV NSP16 Day4 GSE49263,2/300,0.17792709644230686,1,0,0,2.6143790849673203,4.51341538074723,PAN2;LUC7L2,Virus Perturbations from GEO down
SARS-CoV 0Hour GSE47960,2/300,0.17792709644230686,1,0,0,2.6143790849673203,4.51341538074723,CPSF4;ZNF862,Virus Perturbations from GEO down
A-CA-04-2009(H1N1) 0Hour GSE47960,1/300,0.5378040872105058,1,0,0,1.3071895424836601,0.8107986082424459,LUC7L2,Virus Perturbations from GEO down
A-CA-04-2009(H1N1) 0Hour GSE47961,1/300,0.5378040872105058,1,0,0,1.3071895424836601,0.8107986082424459,SS18L1,Virus Perturbations from GEO down
SARS-dORF6 60Hour GSE47962,1/300,0.5378040872105058,1,0,0,1.3071895424836601,0.8107986082424459,UBE2D4,Virus Perturbations from GEO down
A-CA-04-2009(H1N1) 0Hour GSE37571,1/300,0.5378040872105058,1,0,0,1.3071895424836601,0.8107986082424459,ERVH-6,Virus Perturbations from GEO down
SARS-dORF6 72Hour GSE47962,1/300,0.5378040872105058,1,0,0,1.3071895424836601,0.8107986082424459,NAAA,Virus Perturbations from GEO down
A-CA-04-2009(H1N1) 0Hour GSE40844,1/300,0.5378040872105058,1,0,0,1.3071895424836601,0.8107986082424459,PAN2,Virus Perturbations from GEO down
SARS-dORF6 96Hour GSE47960,1/300,0.5378040872105058,1,0,0,1.3071895424836601,0.8107986082424459,FMO4,Virus Perturbations from GEO down
SARS-dORF6 96Hour GSE47962,1/300,0.5378040872105058,1,0,0,1.3071895424836601,0.8107986082424459,UBE2D4,Virus Perturbations from GEO down
SARS-ddORF6 0Hour GSE47961,1/300,0.5378040872105058,1,0,0,1.3071895424836601,0.8107986082424459,PAN2,Virus Perturbations from GEO down
A-CA-04-2009(H1N1) 12Hour GSE40844,1/300,0.5378040872105058,1,0,0,1.3071895424836601,0.8107986082424459,SEMA4G,Virus Perturbations from GEO down
SARS-ddORF6 24Hour GSE47961,1/300,0.5378040872105058,1,0,0,1.3071895424836601,0.8107986082424459,SIRT3,Virus Perturbations from GEO down
A-CA-04-2009(H1N1) 18Hour GSE47960,1/300,0.5378040872105058,1,0,0,1.3071895424836601,0.8107986082424459,SS18L1,Virus Perturbations from GEO down
SARS-ddORF6 48Hour GSE47961,1/300,0.5378040872105058,1,0,0,1.3071895424836601,0.8107986082424459,PEX16,Virus Perturbations from GEO down
A-CA-04-2009(H1N1) 18Hour GSE37571,1/300,0.5378040872105058,1,0,0,1.3071895424836601,0.8107986082424459,ARHGEF10L,Virus Perturbations from GEO down
A-CA-04-2009(H1N1) 18hour GSE47962,1/300,0.5378040872105058,1,0,0,1.3071895424836601,0.8107986082424459,SIRT3,Virus Perturbations from GEO down
SARS-ddORF6 96Hour GSE47961,1/300,0.5378040872105058,1,0,0,1.3071895424836601,0.8107986082424459,SS18L1,Virus Perturbations from GEO down
A-CA-04-2009(H1N1) 24Hour GSE47962,1/300,0.5378040872105058,1,0,0,1.3071895424836601,0.8107986082424459,DFFA,Virus Perturbations from GEO down
A-CA-04-2009(H1N1) 24Hour GSE37571,1/300,0.5378040872105058,1,0,0,1.3071895424836601,0.8107986082424459,ARHGEF10L,Virus Perturbations from GEO down
cSARS Bat SRBD 30Hour GSE37827,1/300,0.5378040872105058,1,0,0,1.3071895424836601,0.8107986082424459,ARHGEF10L,Virus Perturbations from GEO down
cSARS Bat SRBD 60Hour GSE37827,1/300,0.5378040872105058,1,0,0,1.3071895424836601,0.8107986082424459,PTCRA,Virus Perturbations from GEO down
A-CA-04-2009(H1N1) 48Hour GSE47961,1/300,0.5378040872105058,1,0,0,1.3071895424836601,0.8107986082424459,FMO4,Virus Perturbations from GEO down
hMPV 48Hour GSE8961,1/300,0.5378040872105058,1,0,0,1.3071895424836601,0.8107986082424459,TPCN1,Virus Perturbations from GEO down
A-CA-04-2009(H1N1) 48Hour GSE37571,1/300,0.5378040872105058,1,0,0,1.3071895424836601,0.8107986082424459,ARHGEF10L,Virus Perturbations from GEO down
icSARA deltaORF6 0Hour GSE33267,1/300,0.5378040872105058,1,0,0,1.3071895424836601,0.8107986082424459,SFTPB,Virus Perturbations from GEO down
A-Netherlands-602-2009(H1N1) 24Hour GSE40844,1/300,0.5378040872105058,1,0,0,1.3071895424836601,0.8107986082424459,ARHGEF10L,Virus Perturbations from GEO down
A-Netherlands-602-2009(H1N1) 36Hour GSE40844,1/300,0.5378040872105058,1,0,0,1.3071895424836601,0.8107986082424459,SIRT3,Virus Perturbations from GEO down
icSARS CoV 0Hour GSE37827,1/300,0.5378040872105058,1,0,0,1.3071895424836601,0.8107986082424459,SFTPB,Virus Perturbations from GEO down
icSARS CoV 12Hour GSE33267,1/300,0.5378040872105058,1,0,0,1.3071895424836601,0.8107986082424459,TMEM161A,Virus Perturbations from GEO down
icSARS CoV 12Hour GSE37827,1/300,0.5378040872105058,1,0,0,1.3071895424836601,0.8107986082424459,PFKFB1,Virus Perturbations from GEO down
icSARS CoV 30Hour GSE33267,1/300,0.5378040872105058,1,0,0,1.3071895424836601,0.8107986082424459,SFTPB,Virus Perturbations from GEO down
A-VN-1203-2004(H5N1) Day2-10^2pfu GSE33263,1/300,0.5378040872105058,1,0,0,1.3071895424836601,0.8107986082424459,UBE2D4,Virus Perturbations from GEO down
A-VN-1203-2004(H5N1) Day2-10^4pfu GSE33263,1/300,0.5378040872105058,1,0,0,1.3071895424836601,0.8107986082424459,DUX1,Virus Perturbations from GEO down
icSARS CoV 36Hour GSE37827,1/300,0.5378040872105058,1,0,0,1.3071895424836601,0.8107986082424459,LUC7L2,Virus Perturbations from GEO down
icSARS CoV 3Hour GSE33267,1/300,0.5378040872105058,1,0,0,1.3071895424836601,0.8107986082424459,ELK1,Virus Perturbations from GEO down
icSARS CoV 48Hour GSE33267,1/300,0.5378040872105058,1,0,0,1.3071895424836601,0.8107986082424459,PEX16,Virus Perturbations from GEO down
icSARS CoV 48Hour GSE37827,1/300,0.5378040872105058,1,0,0,1.3071895424836601,0.8107986082424459,SEMA4G,Virus Perturbations from GEO down
icSARS CoV 60Hour GSE33267,1/300,0.5378040872105058,1,0,0,1.3071895424836601,0.8107986082424459,TGM5,Virus Perturbations from GEO down
icSARS CoV 60Hour GSE37827,1/300,0.5378040872105058,1,0,0,1.3071895424836601,0.8107986082424459,PFKFB1,Virus Perturbations from GEO down
icSARS CoV 72Hour GSE37827,1/300,0.5378040872105058,1,0,0,1.3071895424836601,0.8107986082424459,ENGASE,Virus Perturbations from GEO down
A-Vietnam-1203-2004(H5N1) 2day-TNFRSF1BKO GSE40792,1/300,0.5378040872105058,1,0,0,1.3071895424836601,0.8107986082424459,SEMA4G,Virus Perturbations from GEO down
icSARS-Cov Day4 GSE50000,1/300,0.5378040872105058,1,0,0,1.3071895424836601,0.8107986082424459,PAN2,Virus Perturbations from GEO down
A-Vietnam-1203 CIP048 RG3-2004(H5N1)PB1-F2del 2day-MOI-10^4 GSE44441,1/300,0.5378040872105058,1,0,0,1.3071895424836601,0.8107986082424459,PAN2,Virus Perturbations from GEO down
A-Vietnam-1203 CIP048 RG3-2004(H5N1) 24Hour GSE43203,1/300,0.5378040872105058,1,0,0,1.3071895424836601,0.8107986082424459,ARHGEF10L,Virus Perturbations from GEO down
A-Vietnam-1203 CIP048 RG3-2004(H5N1) 7Hour GSE43203,1/300,0.5378040872105058,1,0,0,1.3071895424836601,0.8107986082424459,ENGASE,Virus Perturbations from GEO down
A-Vietnam-1203 CIP048 RG3-2004(H5N1)mutPB1-F2del 3Hour GSE43203,1/300,0.5378040872105058,1,0,0,1.3071895424836601,0.8107986082424459,NEIL1,Virus Perturbations from GEO down
A-Vietnam-1203 CIP048 RG3-2004(H5N1)mutPB2-627E 3Hour GSE43203,1/300,0.5378040872105058,1,0,0,1.3071895424836601,0.8107986082424459,ARHGEF10L,Virus Perturbations from GEO down
A-Vietnam-1203 CIP048 RG4-2004(H5N1)HAAvirmut 7day-MOI-10^4 GSE37572,1/300,0.5378040872105058,1,0,0,1.3071895424836601,0.8107986082424459,ZNF76,Virus Perturbations from GEO down
A-Vietnam-1203 CIP048 RG4-2004(H5N1)NS1trunc124 4day-MOI-10^3 GSE44445,1/300,0.5378040872105058,1,0,0,1.3071895424836601,0.8107986082424459,PAN2,Virus Perturbations from GEO down
A-Vietnam-1203 CIP048 RG4-2004(H5N1)NS1trunc 18Hour GSE43204,1/300,0.5378040872105058,1,0,0,1.3071895424836601,0.8107986082424459,CPSF4,Virus Perturbations from GEO down
A-Vietnam-1203 CIP048 RG4-2004(H5N1)NS1trunc 24Hour GSE43204,1/300,0.5378040872105058,1,0,0,1.3071895424836601,0.8107986082424459,NAAA,Virus Perturbations from GEO down
A-Vietnam-1203 CIP048 RG4-2004(H5N1)PB2-627E 2day-MOI-10^4 GSE43301,1/300,0.5378040872105058,1,0,0,1.3071895424836601,0.8107986082424459,LUC7L2,Virus Perturbations from GEO down
A CA 04 2009 4dayMOI-10^6 GSE37569,1/300,0.5378040872105058,1,0,0,1.3071895424836601,0.8107986082424459,LUC7L2,Virus Perturbations from GEO down
A CA 04 2009 7dayMOI-10^5 GSE37569,1/300,0.5378040872105058,1,0,0,1.3071895424836601,0.8107986082424459,LUC7L2,Virus Perturbations from GEO down
A CA 04 2009 7dayMOI-10^6 GSE37569,1/300,0.5378040872105058,1,0,0,1.3071895424836601,0.8107986082424459,TPCN1,Virus Perturbations from GEO down
Ebolavirus(EBOV) 7day Splenocytes GSE17509,1/300,0.5378040872105058,1,0,0,1.3071895424836601,0.8107986082424459,UBE2D4,Virus Perturbations from GEO down
HCV JFH-1 12Hour GSE20948,1/300,0.5378040872105058,1,0,0,1.3071895424836601,0.8107986082424459,ZNF862,Virus Perturbations from GEO down
HCV JFH-1 18Hour GSE20948,1/300,0.5378040872105058,1,0,0,1.3071895424836601,0.8107986082424459,GPLD1,Virus Perturbations from GEO down
HCV JFH-1 24Hour GSE20948,1/300,0.5378040872105058,1,0,0,1.3071895424836601,0.8107986082424459,DFFA,Virus Perturbations from GEO down
HCV JFH-1 48Hour GSE20948,1/300,0.5378040872105058,1,0,0,1.3071895424836601,0.8107986082424459,CPSF4,Virus Perturbations from GEO down
HCV JFH1 168Hour-Huh7 GSE29889,1/300,0.5378040872105058,1,0,0,1.3071895424836601,0.8107986082424459,SPHK2,Virus Perturbations from GEO down
HCV 8week+IFN-a GSE37715,1/300,0.5378040872105058,1,0,0,1.3071895424836601,0.8107986082424459,TPCN1,Virus Perturbations from GEO down
HCV 8week-No IFN-a GSE37715,1/300,0.5378040872105058,1,0,0,1.3071895424836601,0.8107986082424459,SPHK2,Virus Perturbations from GEO down
HCoV-EMC2012 7Hour GSE45042,1/300,0.5378040872105058,1,0,0,1.3071895424836601,0.8107986082424459,E2F4,Virus Perturbations from GEO down
HHV8 72Hour-BEC GSE16354,1/300,0.5378040872105058,1,0,0,1.3071895424836601,0.8107986082424459,CPSF4,Virus Perturbations from GEO down
HIV-1 LAI 12Hour-UV treatment GSE56484,1/300,0.5378040872105058,1,0,0,1.3071895424836601,0.8107986082424459,SS18L1,Virus Perturbations from GEO down
HIV Infected-mDC GSE42058,1/300,0.5378040872105058,1,0,0,1.3071895424836601,0.8107986082424459,RANBP10,Virus Perturbations from GEO down
RSV 24Hour GSE3397,1/300,0.5378040872105058,1,0,0,1.3071895424836601,0.8107986082424459,SS18L1,Virus Perturbations from GEO down
RSV 48Hour GSE32138,1/300,0.5378040872105058,1,0,0,1.3071895424836601,0.8107986082424459,SPHK2,Virus Perturbations from GEO down
Rabies CVS-11 7day-Brain GSE30577,1/300,0.5378040872105058,1,0,0,1.3071895424836601,0.8107986082424459,CACNG4,Virus Perturbations from GEO down
SARS-BatSRBD 0Hour GSE47960,1/300,0.5378040872105058,1,0,0,1.3071895424836601,0.8107986082424459,LUC7L2,Virus Perturbations from GEO down
SARS-BatSRBD 0Hour GSE47961,1/300,0.5378040872105058,1,0,0,1.3071895424836601,0.8107986082424459,ARHGEF10L,Virus Perturbations from GEO down
SARS-BatSRBD 24Hour GSE47960,1/300,0.5378040872105058,1,0,0,1.3071895424836601,0.8107986082424459,FMO4,Virus Perturbations from GEO down
SARS-BatSRBD 36Hour GSE47962,1/300,0.5378040872105058,1,0,0,1.3071895424836601,0.8107986082424459,DFFA,Virus Perturbations from GEO down
SARS-BatSRBD 48Hour GSE47961,1/300,0.5378040872105058,1,0,0,1.3071895424836601,0.8107986082424459,PEX16,Virus Perturbations from GEO down
SARS-BatSRBD 72Hour GSE47960,1/300,0.5378040872105058,1,0,0,1.3071895424836601,0.8107986082424459,DFFA,Virus Perturbations from GEO down
SARS-BatSRBD 72Hour GSE47962,1/300,0.5378040872105058,1,0,0,1.3071895424836601,0.8107986082424459,PTCRA,Virus Perturbations from GEO down
SARS-BatSRBD 84Hour GSE47960,1/300,0.5378040872105058,1,0,0,1.3071895424836601,0.8107986082424459,LUC7L2,Virus Perturbations from GEO down
SARS-BatSRBD 84Hour GSE47961,1/300,0.5378040872105058,1,0,0,1.3071895424836601,0.8107986082424459,NEIL1,Virus Perturbations from GEO down
SARS-CoV MA15 Day1-PFU-10^5 GSE50000,1/300,0.5378040872105058,1,0,0,1.3071895424836601,0.8107986082424459,RANBP10,Virus Perturbations from GEO down
SARS-CoV MA15 Day2-C57BL6 GSE50878,1/300,0.5378040872105058,1,0,0,1.3071895424836601,0.8107986082424459,LUC7L2,Virus Perturbations from GEO down
SARS-CoV MA15 Day2 GSE49262,1/300,0.5378040872105058,1,0,0,1.3071895424836601,0.8107986082424459,SEMA4G,Virus Perturbations from GEO down
SARS-CoV MA15 Day4-C57BL-6 GSE40824,1/300,0.5378040872105058,1,0,0,1.3071895424836601,0.8107986082424459,SFTPB,Virus Perturbations from GEO down
SARS-CoV MA15 Day4-PFU-10^2 GSE33266,1/300,0.5378040872105058,1,0,0,1.3071895424836601,0.8107986082424459,PFKFB1,Virus Perturbations from GEO down
SARS-CoV MA15 Day4-PFU-10^5 GSE50000,1/300,0.5378040872105058,1,0,0,1.3071895424836601,0.8107986082424459,ELK1,Virus Perturbations from GEO down
SARS-CoV MA15 Day4-TNFRsf1b KO GSE40824,1/300,0.5378040872105058,1,0,0,1.3071895424836601,0.8107986082424459,LUC7L2,Virus Perturbations from GEO down
SARS-CoV MA15 Day4 GSE49262,1/300,0.5378040872105058,1,0,0,1.3071895424836601,0.8107986082424459,NAAA,Virus Perturbations from GEO down
SARS-CoV MA15 Day4 GSE49263,1/300,0.5378040872105058,1,0,0,1.3071895424836601,0.8107986082424459,LUC7L2,Virus Perturbations from GEO down
SARS-CoV MA15 Day7-C57BL6 GSE50878,1/300,0.5378040872105058,1,0,0,1.3071895424836601,0.8107986082424459,FMO4,Virus Perturbations from GEO down
SARS-CoV NSP16 Day2 GSE49263,1/300,0.5378040872105058,1,0,0,1.3071895424836601,0.8107986082424459,GPLD1,Virus Perturbations from GEO down
SARS-CoV 12Hour GSE17400,1/300,0.5378040872105058,1,0,0,1.3071895424836601,0.8107986082424459,RANBP10,Virus Perturbations from GEO down
SARS-CoV 12Hour GSE47960,1/300,0.5378040872105058,1,0,0,1.3071895424836601,0.8107986082424459,ZNF862,Virus Perturbations from GEO down
SARS-CoV 12Hour GSE47962,1/300,0.5378040872105058,1,0,0,1.3071895424836601,0.8107986082424459,RAD54L2,Virus Perturbations from GEO down
SARS-CoV 24Hour GSE47962,1/300,0.5378040872105058,1,0,0,1.3071895424836601,0.8107986082424459,DFFA,Virus Perturbations from GEO down
SARS-CoV 36Hour GSE47962,1/300,0.5378040872105058,1,0,0,1.3071895424836601,0.8107986082424459,FMO4,Virus Perturbations from GEO down
SARS-CoV 48Hour GSE47960,1/300,0.5378040872105058,1,0,0,1.3071895424836601,0.8107986082424459,DFFA,Virus Perturbations from GEO down
SARS-CoV 48Hour GSE47962,1/300,0.5378040872105058,1,0,0,1.3071895424836601,0.8107986082424459,DFFA,Virus Perturbations from GEO down
SARS-CoV 84Hour GSE47960,1/300,0.5378040872105058,1,0,0,1.3071895424836601,0.8107986082424459,UBE2D4,Virus Perturbations from GEO down
SARS-CoV 84Hour GSE47962,1/300,0.5378040872105058,1,0,0,1.3071895424836601,0.8107986082424459,FMO4,Virus Perturbations from GEO down
SARS-CoV 96Hour GSE47960,1/300,0.5378040872105058,1,0,0,1.3071895424836601,0.8107986082424459,FMO4,Virus Perturbations from GEO down
SARS-CoV 96Hour GSE47961,1/300,0.5378040872105058,1,0,0,1.3071895424836601,0.8107986082424459,NAAA,Virus Perturbations from GEO down
SARS-dORF6 0Hour GSE47960,1/300,0.5378040872105058,1,0,0,1.3071895424836601,0.8107986082424459,LUC7L2,Virus Perturbations from GEO down
SARS-dORF6 12Hour GSE47960,1/300,0.5378040872105058,1,0,0,1.3071895424836601,0.8107986082424459,N4BP1,Virus Perturbations from GEO down
SARS-dORF6 12Hour GSE47962,1/300,0.5378040872105058,1,0,0,1.3071895424836601,0.8107986082424459,N4BP1,Virus Perturbations from GEO down
SARS-dORF6 24Hour GSE47962,1/300,0.5378040872105058,1,0,0,1.3071895424836601,0.8107986082424459,DFFA,Virus Perturbations from GEO down
SARS-dORF6 48Hour GSE47960,4/300,0.007129555700851383,1,0,0,5.228758169934641,25.84839927081633,PAN2;MLXIPL;DCAF8;ENGASE,Virus Perturbations from GEO up
SARS-dORF6 48Hour GSE47962,3/300,0.04103448164987454,1,0,0,3.9215686274509802,12.5229119603251,ARHGEF10L;ITFG2;ENGASE,Virus Perturbations from GEO up
SARS-dORF6 60Hour GSE47962,3/300,0.04103448164987454,1,0,0,3.9215686274509802,12.5229119603251,PAN2;ARHGEF10L;E2F4,Virus Perturbations from GEO up
SARS-dORF6 36Hour GSE47962,2/300,0.17792709644230686,1,0,0,2.6143790849673203,4.51341538074723,PAN2;E2F4,Virus Perturbations from GEO up
A-CA-04-2009(H1N1) 0Hour GSE37571,2/300,0.17792709644230686,1,0,0,2.6143790849673203,4.51341538074723,KAT2A;E2F4,Virus Perturbations from GEO up
SARS-ddORF6 24Hour GSE47961,2/300,0.17792709644230686,1,0,0,2.6143790849673203,4.51341538074723,SS18L1;LUC7L2,Virus Perturbations from GEO up
SARS-ddORF6 48Hour GSE47961,2/300,0.17792709644230686,1,0,0,2.6143790849673203,4.51341538074723,ARHGEF10L;ENGASE,Virus Perturbations from GEO up
A-CA-04-2009(H1N1) 30Hour GSE37571,2/300,0.17792709644230686,1,0,0,2.6143790849673203,4.51341538074723,ERVH-6;SS18L1,Virus Perturbations from GEO up
A-CA-04-2009(H1N1) 48Hour GSE47960,2/300,0.17792709644230686,1,0,0,2.6143790849673203,4.51341538074723,RAD54L2;N4BP1,Virus Perturbations from GEO up
hMPV 6Hour GSE8961,2/300,0.17792709644230686,1,0,0,2.6143790849673203,4.51341538074723,UBE2D4;FMO4,Virus Perturbations from GEO up
hMPV 72Hour GSE8961,2/300,0.17792709644230686,1,0,0,2.6143790849673203,4.51341538074723,PAN2;N4BP1,Virus Perturbations from GEO up
A-CA-04-2009(H1N1) 6Hour GSE47960,2/300,0.17792709644230686,1,0,0,2.6143790849673203,4.51341538074723,N4BP1;TPCN1,Virus Perturbations from GEO up
icSARA deltaORF6 48Hour GSE33267,2/300,0.17792709644230686,1,0,0,2.6143790849673203,4.51341538074723,ELK1;N4BP1,Virus Perturbations from GEO up
A-VN-1203-2004(H5N1) Day2-10^3pfu GSE33263,2/300,0.17792709644230686,1,0,0,2.6143790849673203,4.51341538074723,CPSF4;C2ORF72,Virus Perturbations from GEO up
A-VN-1203-2004(H5N1) Day7-10^2pfu GSE33263,2/300,0.17792709644230686,1,0,0,2.6143790849673203,4.51341538074723,PFKFB1;CPSF4,Virus Perturbations from GEO up
A-Vietnam-1203-2004(H5N1) 12Hour GSE28166,2/300,0.17792709644230686,1,0,0,2.6143790849673203,4.51341538074723,DTX2P1-UPK3BP1-PMS2P11;UBE2D4,Virus Perturbations from GEO up
icSARS CoV 60Hour GSE37827,2/300,0.17792709644230686,1,0,0,2.6143790849673203,4.51341538074723,E2F4;N4BP1,Virus Perturbations from GEO up
A-Vietnam-1203-2004(H5N1) 18Hour GSE28166,2/300,0.17792709644230686,1,0,0,2.6143790849673203,4.51341538074723,DTX2P1-UPK3BP1-PMS2P11;UBE2D4,Virus Perturbations from GEO up
icSARS CoV 72Hour GSE33267,2/300,0.17792709644230686,1,0,0,2.6143790849673203,4.51341538074723,NAAA;SEMA4G,Virus Perturbations from GEO up
A-Vietnam-1203-2004(H5N1) 24Hour GSE28166,2/300,0.17792709644230686,1,0,0,2.6143790849673203,4.51341538074723,DTX2P1-UPK3BP1-PMS2P11;ATF7IP2,Virus Perturbations from GEO up
A-Vietnam-1203-2004(H5N1) 7Hour GSE28166,2/300,0.17792709644230686,1,0,0,2.6143790849673203,4.51341538074723,RAD54L2;SIRT3,Virus Perturbations from GEO up
A-Vietnam-1203 CIP048 RG3-2004(H5N1) 7Hour GSE43203,2/300,0.17792709644230686,1,0,0,2.6143790849673203,4.51341538074723,UBE2D4;ATF7IP2,Virus Perturbations from GEO up
A-Vietnam-1203 CIP048 RG3-2004(H5N1)mutPB1-F2del 7Hour GSE43203,2/300,0.17792709644230686,1,0,0,2.6143790849673203,4.51341538074723,ATF7IP2;ZNF862,Virus Perturbations from GEO up
A-Vietnam-1203 CIP048 RG3-2004(H5N1)mutPB2-627E 0Hour GSE43203,2/300,0.17792709644230686,1,0,0,2.6143790849673203,4.51341538074723,ERVH-6;ARHGEF10L,Virus Perturbations from GEO up
A-Vietnam-1203 CIP048 RG4-2004(H5N1)NS1trunc 3Hour GSE43204,2/300,0.17792709644230686,1,0,0,2.6143790849673203,4.51341538074723,ERVH-6;MADCAM1,Virus Perturbations from GEO up
Dhori Virus 12Hour GSE17400,2/300,0.17792709644230686,1,0,0,2.6143790849673203,4.51341538074723,ELK1;SIRT3,Virus Perturbations from GEO up
HEV 60Day GSE53731,2/300,0.17792709644230686,1,0,0,2.6143790849673203,4.51341538074723,MLXIPL;TPCN1,Virus Perturbations from GEO up
A-CA-04-2009(H1N1) 0Hour GSE47960,1/300,0.5378040872105058,1,0,0,1.3071895424836601,0.8107986082424459,SPHK2,Virus Perturbations from GEO up
A-CA-04-2009(H1N1) 0Hour GSE47962,1/300,0.5378040872105058,1,0,0,1.3071895424836601,0.8107986082424459,PQBP1,Virus Perturbations from GEO up
SARS-dORF6 72Hour GSE47960,1/300,0.5378040872105058,1,0,0,1.3071895424836601,0.8107986082424459,E2F4,Virus Perturbations from GEO up
SARS-dORF6 72Hour GSE47962,1/300,0.5378040872105058,1,0,0,1.3071895424836601,0.8107986082424459,N4BP1,Virus Perturbations from GEO up
A-CA-04-2009(H1N1) 12Hour GSE47960,1/300,0.5378040872105058,1,0,0,1.3071895424836601,0.8107986082424459,N4BP1,Virus Perturbations from GEO up
SARS-dORF6 84Hour GSE47962,1/300,0.5378040872105058,1,0,0,1.3071895424836601,0.8107986082424459,ENGASE,Virus Perturbations from GEO up
A-CA-04-2009(H1N1) 12Hour GSE47961,1/300,0.5378040872105058,1,0,0,1.3071895424836601,0.8107986082424459,N4BP1,Virus Perturbations from GEO up
SARS-dORF6 96Hour GSE47960,1/300,0.5378040872105058,1,0,0,1.3071895424836601,0.8107986082424459,RAD54L2,Virus Perturbations from GEO up
A-CA-04-2009(H1N1) 12Hour GSE37571,1/300,0.5378040872105058,1,0,0,1.3071895424836601,0.8107986082424459,N4BP1,Virus Perturbations from GEO up
A-CA-04-2009(H1N1) 18Hour GSE37571,1/300,0.5378040872105058,1,0,0,1.3071895424836601,0.8107986082424459,SFTPB,Virus Perturbations from GEO up
A-CA-04-2009(H1N1) 24Hour GSE47960,1/300,0.5378040872105058,1,0,0,1.3071895424836601,0.8107986082424459,N4BP1,Virus Perturbations from GEO up
A-CA-04-2009(H1N1) 24Hour GSE47961,1/300,0.5378040872105058,1,0,0,1.3071895424836601,0.8107986082424459,SH3BP2,Virus Perturbations from GEO up
cSARS Bat SRBD 0Hour GSE37827,1/300,0.5378040872105058,1,0,0,1.3071895424836601,0.8107986082424459,PFKFB1,Virus Perturbations from GEO up
A-CA-04-2009(H1N1) 24Hour GSE37571,1/300,0.5378040872105058,1,0,0,1.3071895424836601,0.8107986082424459,TGM5,Virus Perturbations from GEO up
A-CA-04-2009(H1N1) 24Hour GSE40844,1/300,0.5378040872105058,1,0,0,1.3071895424836601,0.8107986082424459,GPLD1,Virus Perturbations from GEO up
cSARS Bat SRBD 24Hour GSE37827,1/300,0.5378040872105058,1,0,0,1.3071895424836601,0.8107986082424459,PFKFB1,Virus Perturbations from GEO up
A-CA-04-2009(H1N1) 36Hour GSE47960,1/300,0.5378040872105058,1,0,0,1.3071895424836601,0.8107986082424459,N4BP1,Virus Perturbations from GEO up
A-CA-04-2009(H1N1) 36Hour GSE47961,1/300,0.5378040872105058,1,0,0,1.3071895424836601,0.8107986082424459,RAD54L2,Virus Perturbations from GEO up
A-CA-04-2009(H1N1) 36Hour GSE37571,1/300,0.5378040872105058,1,0,0,1.3071895424836601,0.8107986082424459,N4BP1,Virus Perturbations from GEO up
A-CA-04-2009(H1N1) 3Hour GSE37571,1/300,0.5378040872105058,1,0,0,1.3071895424836601,0.8107986082424459,ZNF862,Virus Perturbations from GEO up
cSARS Bat SRBD 72Hour GSE37827,1/300,0.5378040872105058,1,0,0,1.3071895424836601,0.8107986082424459,SLC6A13,Virus Perturbations from GEO up
hMPV 24Hour GSE8961,1/300,0.5378040872105058,1,0,0,1.3071895424836601,0.8107986082424459,N4BP1,Virus Perturbations from GEO up
A-CA-04-2009(H1N1) 48Hour GSE47962,1/300,0.5378040872105058,1,0,0,1.3071895424836601,0.8107986082424459,N4BP1,Virus Perturbations from GEO up
hMPV 48Hour GSE8961,1/300,0.5378040872105058,1,0,0,1.3071895424836601,0.8107986082424459,SLC17A9,Virus Perturbations from GEO up
A-CA-04-2009(H1N1) 48Hour GSE37571,1/300,0.5378040872105058,1,0,0,1.3071895424836601,0.8107986082424459,E2F4,Virus Perturbations from GEO up
A-CA-04-2009(H1N1) 6Hour GSE47961,1/300,0.5378040872105058,1,0,0,1.3071895424836601,0.8107986082424459,N4BP1,Virus Perturbations from GEO up
icSARA deltaORF6 12Hour GSE33267,1/300,0.5378040872105058,1,0,0,1.3071895424836601,0.8107986082424459,SIRT3,Virus Perturbations from GEO up
A-CA-04-2009(H1N1) 6Hour GSE47962,1/300,0.5378040872105058,1,0,0,1.3071895424836601,0.8107986082424459,SIRT3,Virus Perturbations from GEO up
A-CA-04-2009(H1N1) 7Hour GSE37571,1/300,0.5378040872105058,1,0,0,1.3071895424836601,0.8107986082424459,ZNF862,Virus Perturbations from GEO up
icSARA deltaORF6 30Hour GSE33267,1/300,0.5378040872105058,1,0,0,1.3071895424836601,0.8107986082424459,SIRT3,Virus Perturbations from GEO up
A-CA-04-2009(H1N1) Day1 GSE36328,1/300,0.5378040872105058,1,0,0,1.3071895424836601,0.8107986082424459,SPHK2,Virus Perturbations from GEO up
A-CA-04-2009(H1N1) Day3 GSE36328,1/300,0.5378040872105058,1,0,0,1.3071895424836601,0.8107986082424459,N4BP1,Virus Perturbations from GEO up
icSARA deltaORF6 3Hour GSE33267,1/300,0.5378040872105058,1,0,0,1.3071895424836601,0.8107986082424459,PEX16,Virus Perturbations from GEO up
A-Netherlands-602-2009(H1N1) 0Hour GSE40844,1/300,0.5378040872105058,1,0,0,1.3071895424836601,0.8107986082424459,ERVH-6,Virus Perturbations from GEO up
A-Netherlands-602-2009(H1N1) 18Hour GSE40844,1/300,0.5378040872105058,1,0,0,1.3071895424836601,0.8107986082424459,N4BP1,Virus Perturbations from GEO up
A-Netherlands-602-2009(H1N1) 30Hour GSE40844,1/300,0.5378040872105058,1,0,0,1.3071895424836601,0.8107986082424459,GPLD1,Virus Perturbations from GEO up
icSARA deltaORF6 7Hour GSE33267,1/300,0.5378040872105058,1,0,0,1.3071895424836601,0.8107986082424459,SIRT3,Virus Perturbations from GEO up
icSARS CoV 0Hour GSE33267,1/300,0.5378040872105058,1,0,0,1.3071895424836601,0.8107986082424459,CPSF4,Virus Perturbations from GEO up
icSARS CoV 12Hour GSE33267,1/300,0.5378040872105058,1,0,0,1.3071895424836601,0.8107986082424459,PFKFB1,Virus Perturbations from GEO up
icSARS CoV 24Hour GSE33267,1/300,0.5378040872105058,1,0,0,1.3071895424836601,0.8107986082424459,SEMA4G,Virus Perturbations from GEO up
icSARS CoV 30Hour GSE33267,1/300,0.5378040872105058,1,0,0,1.3071895424836601,0.8107986082424459,N4BP1,Virus Perturbations from GEO up
icSARS CoV 36Hour GSE33267,1/300,0.5378040872105058,1,0,0,1.3071895424836601,0.8107986082424459,SEMA4G,Virus Perturbations from GEO up
A-VN-1203-2004(H5N1) Day2-10^4pfu GSE33263,1/300,0.5378040872105058,1,0,0,1.3071895424836601,0.8107986082424459,C2ORF72,Virus Perturbations from GEO up
icSARS CoV 3Hour GSE33267,1/300,0.5378040872105058,1,0,0,1.3071895424836601,0.8107986082424459,NAAA,Virus Perturbations from GEO up
A-VN-1203-2004(H5N1) Day4-10^3pfu GSE33263,1/300,0.5378040872105058,1,0,0,1.3071895424836601,0.8107986082424459,CPSF4,Virus Perturbations from GEO up
icSARS CoV 48Hour GSE33267,1/300,0.5378040872105058,1,0,0,1.3071895424836601,0.8107986082424459,N4BP1,Virus Perturbations from GEO up
A-VN-1203-2004(H5N1) Day4-10^4pfu GSE33263,1/300,0.5378040872105058,1,0,0,1.3071895424836601,0.8107986082424459,CPSF4,Virus Perturbations from GEO up
icSARS CoV 48Hour GSE37827,1/300,0.5378040872105058,1,0,0,1.3071895424836601,0.8107986082424459,E2F4,Virus Perturbations from GEO up
A-VN-1203-2004(H5N1) Day7-10^3pfu GSE33263,1/300,0.5378040872105058,1,0,0,1.3071895424836601,0.8107986082424459,CPSF4,Virus Perturbations from GEO up
icSARS CoV 60Hour GSE33267,1/300,0.5378040872105058,1,0,0,1.3071895424836601,0.8107986082424459,NAAA,Virus Perturbations from GEO up
A-Vietnam-1203-2004(H5N1) 2day-IDO1KO GSE40792,1/300,0.5378040872105058,1,0,0,1.3071895424836601,0.8107986082424459,ATF7IP2,Virus Perturbations from GEO up
icSARS CoV 7Hour GSE37827,1/300,0.5378040872105058,1,0,0,1.3071895424836601,0.8107986082424459,FMO4,Virus Perturbations from GEO up
icSARS-Cov Day1 GSE50000,1/300,0.5378040872105058,1,0,0,1.3071895424836601,0.8107986082424459,PAN2,Virus Perturbations from GEO up
A-Vietnam-1203-2004(H5N1) 2day-wtC57BL-6J GSE40792,1/300,0.5378040872105058,1,0,0,1.3071895424836601,0.8107986082424459,NAAA,Virus Perturbations from GEO up
icSARS-Cov Day7 GSE50000,1/300,0.5378040872105058,1,0,0,1.3071895424836601,0.8107986082424459,ATF7IP2,Virus Perturbations from GEO up
A-Vietnam-1203 CIP048 RG3-2004(H5N1)PB1-F2del 1day-MOI-10^3 GSE43302,1/300,0.5378040872105058,1,0,0,1.3071895424836601,0.8107986082424459,PNPLA2,Virus Perturbations from GEO up
A-Vietnam-1203 CIP048 RG3-2004(H5N1)PB1-F2del 2day-MOI-10^4 GSE44441,1/300,0.5378040872105058,1,0,0,1.3071895424836601,0.8107986082424459,ATF7IP2,Virus Perturbations from GEO up
A-Vietnam-1203 CIP048 RG3-2004(H5N1) 24Hour GSE43203,1/300,0.5378040872105058,1,0,0,1.3071895424836601,0.8107986082424459,PTCRA,Virus Perturbations from GEO up
A-Vietnam-1203 CIP048 RG3-2004(H5N1)mutPB1-F2del 0Hour GSE43203,1/300,0.5378040872105058,1,0,0,1.3071895424836601,0.8107986082424459,ERVH-6,Virus Perturbations from GEO up
A-Vietnam-1203 CIP048 RG3-2004(H5N1)mutPB2-627E 7Hour GSE43203,1/300,0.5378040872105058,1,0,0,1.3071895424836601,0.8107986082424459,ZNF862,Virus Perturbations from GEO up
A-Vietnam-1203 CIP048 RG4-2004(H5N1)HAAvirmut 1day-MOI-10^4 GSE37572,1/300,0.5378040872105058,1,0,0,1.3071895424836601,0.8107986082424459,DFFA,Virus Perturbations from GEO up
A-Vietnam-1203 CIP048 RG4-2004(H5N1)HAAvirmut 2day-MOI-10^4 GSE37572,1/300,0.5378040872105058,1,0,0,1.3071895424836601,0.8107986082424459,N4BP1,Virus Perturbations from GEO up
A-Vietnam-1203 CIP048 RG4-2004(H5N1)HAAvirmut 4day-MOI-10^4 GSE37572,1/300,0.5378040872105058,1,0,0,1.3071895424836601,0.8107986082424459,N4BP1,Virus Perturbations from GEO up
A-Vietnam-1203 CIP048 RG4-2004(H5N1)NS1trunc124 1day-MOI-10^4 GSE44445,1/300,0.5378040872105058,1,0,0,1.3071895424836601,0.8107986082424459,N4BP1,Virus Perturbations from GEO up
A-Vietnam-1203 CIP048 RG4-2004(H5N1)NS1trunc124 2day-MOI-10^4 GSE44445,1/300,0.5378040872105058,1,0,0,1.3071895424836601,0.8107986082424459,NAAA,Virus Perturbations from GEO up
A-Vietnam-1203 CIP048 RG4-2004(H5N1)NS1trunc124 4day-MOI-10^3 GSE44445,1/300,0.5378040872105058,1,0,0,1.3071895424836601,0.8107986082424459,UBE2D4,Virus Perturbations from GEO up
A-Vietnam-1203 CIP048 RG4-2004(H5N1)NS1trunc124 7day-MOI-10^3 GSE44445,1/300,0.5378040872105058,1,0,0,1.3071895424836601,0.8107986082424459,ATF7IP2,Virus Perturbations from GEO up
A-Vietnam-1203 CIP048 RG4-2004(H5N1)PB2-627E 2day-MOI-10^4 GSE43301,1/300,0.5378040872105058,1,0,0,1.3071895424836601,0.8107986082424459,ATF7IP2,Virus Perturbations from GEO up
A-Vietnam-1203 CIP048 RG4-2004(H5N1)PB2-627E 7day-MOI-10^4 GSE43301,1/300,0.5378040872105058,1,0,0,1.3071895424836601,0.8107986082424459,PTCRA,Virus Perturbations from GEO up
A CA 04 2009 4dayMOI-10^3 GSE37569,1/300,0.5378040872105058,1,0,0,1.3071895424836601,0.8107986082424459,ATF7IP2,Virus Perturbations from GEO up
A CA 04 2009 4dayMOI-10^5 GSE37569,1/300,0.5378040872105058,1,0,0,1.3071895424836601,0.8107986082424459,N4BP1,Virus Perturbations from GEO up
A CA 04 2009 4dayMOI-10^6 GSE37569,1/300,0.5378040872105058,1,0,0,1.3071895424836601,0.8107986082424459,N4BP1,Virus Perturbations from GEO up
A CA 04 2009 7dayMOI-10^4 GSE37569,1/300,0.5378040872105058,1,0,0,1.3071895424836601,0.8107986082424459,RANBP10,Virus Perturbations from GEO up
Dhori Virus 48Hour GSE17400,1/300,0.5378040872105058,1,0,0,1.3071895424836601,0.8107986082424459,N4BP1,Virus Perturbations from GEO up
Ebolavirus(EBOV) 3day Splenocytes GSE17509,1/300,0.5378040872105058,1,0,0,1.3071895424836601,0.8107986082424459,ENGASE,Virus Perturbations from GEO up
Ebolavirus(EBOV) 5day Splenocytes GSE17509,1/300,0.5378040872105058,1,0,0,1.3071895424836601,0.8107986082424459,KAT2A,Virus Perturbations from GEO up
Ebolavirus(EBOV) 7day Splenocytes GSE17509,1/300,0.5378040872105058,1,0,0,1.3071895424836601,0.8107986082424459,ATF7IP2,Virus Perturbations from GEO up
HCV JFH-1 18Hour GSE20948,1/300,0.5378040872105058,1,0,0,1.3071895424836601,0.8107986082424459,DFFA,Virus Perturbations from GEO up
HCV JFH1 168Hour-Huh7 GSE29889,1/300,0.5378040872105058,1,0,0,1.3071895424836601,0.8107986082424459,RANBP10,Virus Perturbations from GEO up
HCV JFH1 96Hour-Huh7 5 1c2 GSE29889,1/300,0.5378040872105058,1,0,0,1.3071895424836601,0.8107986082424459,DCAF8,Virus Perturbations from GEO up
HCV 8week-No IFN-a GSE37715,1/300,0.5378040872105058,1,0,0,1.3071895424836601,0.8107986082424459,ARHGEF10L,Virus Perturbations from GEO up
HCoV-EMC2012 3Hour GSE45042,1/300,0.5378040872105058,1,0,0,1.3071895424836601,0.8107986082424459,SIRT3,Virus Perturbations from GEO up
HHV8 72Hour-LEC GSE16354,1/300,0.5378040872105058,1,0,0,1.3071895424836601,0.8107986082424459,SH3BP2,Virus Perturbations from GEO up
HIV-1 LAI 12Hour-UV treatment GSE56484,1/300,0.5378040872105058,1,0,0,1.3071895424836601,0.8107986082424459,DFFA,Virus Perturbations from GEO up
RSV-A2 24Hour-KO RSV GSE18170,1/300,0.5378040872105058,1,0,0,1.3071895424836601,0.8107986082424459,KAT2A,Virus Perturbations from GEO up
Rabies CVS-11 7day-Brain GSE30577,1/300,0.5378040872105058,1,0,0,1.3071895424836601,0.8107986082424459,PNPLA2,Virus Perturbations from GEO up
SARS-BatSRBD 12Hour GSE47960,1/300,0.5378040872105058,1,0,0,1.3071895424836601,0.8107986082424459,E2F4,Virus Perturbations from GEO up
SARS-BatSRBD 12Hour GSE47962,1/300,0.5378040872105058,1,0,0,1.3071895424836601,0.8107986082424459,SEMA4G,Virus Perturbations from GEO up
SARS-BatSRBD 48Hour GSE47961,1/300,0.5378040872105058,1,0,0,1.3071895424836601,0.8107986082424459,ARHGEF10L,Virus Perturbations from GEO up
SARS-BatSRBD 60Hour GSE47961,1/300,0.5378040872105058,1,0,0,1.3071895424836601,0.8107986082424459,TGM5,Virus Perturbations from GEO up
SARS-BatSRBD 72Hour GSE47961,1/300,0.5378040872105058,1,0,0,1.3071895424836601,0.8107986082424459,TPCN1,Virus Perturbations from GEO up
SARS-BatSRBD 96Hour GSE47960,1/300,0.5378040872105058,1,0,0,1.3071895424836601,0.8107986082424459,E2F4,Virus Perturbations from GEO up
SARS-CoV MA15 Day1-PFU-10^4 GSE33266,1/300,0.5378040872105058,1,0,0,1.3071895424836601,0.8107986082424459,DUX1,Virus Perturbations from GEO up
SARS-CoV MA15 Day1-PFU-10^5 GSE33266,1/300,0.5378040872105058,1,0,0,1.3071895424836601,0.8107986082424459,DUX1,Virus Perturbations from GEO up
SARS-CoV MA15 Day2-PFU-10^2 GSE33266,1/300,0.5378040872105058,1,0,0,1.3071895424836601,0.8107986082424459,ITFG2,Virus Perturbations from GEO up
SARS-CoV MA15 Day2-PFU-10^3 GSE33266,1/300,0.5378040872105058,1,0,0,1.3071895424836601,0.8107986082424459,ITFG2,Virus Perturbations from GEO up
SARS-CoV MA15 Day2-PFU-10^4 GSE33266,1/300,0.5378040872105058,1,0,0,1.3071895424836601,0.8107986082424459,C2ORF72,Virus Perturbations from GEO up
SARS-CoV MA15 Day4-C57BL-6 GSE40824,1/300,0.5378040872105058,1,0,0,1.3071895424836601,0.8107986082424459,ATF7IP2,Virus Perturbations from GEO up
SARS-CoV MA15 Day4-PFU-10^4 GSE33266,1/300,0.5378040872105058,1,0,0,1.3071895424836601,0.8107986082424459,TPCN1,Virus Perturbations from GEO up
SARS-CoV MA15 Day4 GSE49262,1/300,0.5378040872105058,1,0,0,1.3071895424836601,0.8107986082424459,N4BP1,Virus Perturbations from GEO up
SARS-CoV MA15 Day4 GSE49263,1/300,0.5378040872105058,1,0,0,1.3071895424836601,0.8107986082424459,ATF7IP2,Virus Perturbations from GEO up
SARS-CoV MA15 Day7-C57BL6 GSE50878,1/300,0.5378040872105058,1,0,0,1.3071895424836601,0.8107986082424459,ATF7IP2,Virus Perturbations from GEO up
SARS-CoV MA15 Day7-CXCR3KO GSE50878,1/300,0.5378040872105058,1,0,0,1.3071895424836601,0.8107986082424459,N4BP1,Virus Perturbations from GEO up
Human adenovirus 5,1/39,0.09486530070027095,1,0,0,10.055304172951232,23.68323057718093,KAT2A,VirusMINT
Human papillomavirus type 16,1/92,0.2097735989300289,1,0,0,4.262574595055413,6.656975405652422,E2F4,VirusMINT
Notch Signaling WP268,2/45,0.005884496930555281,1,0,0,17.429193899782135,89.50647538582842,PTCRA;KAT2A,WikiPathways 2019 Human
Catalytic cycle of mammalian Flavin-containing MonoOxygenases (FMOs) WP688,1/5,0.012686284934182437,1,0,0,78.43137254901961,342.5281408235795,FMO4,WikiPathways 2019 Human
Viral Acute Myocarditis WP4298,2/84,0.019453876089717104,1,0,0,9.337068160597571,36.78533094261347,PTCRA;DFFA,WikiPathways 2019 Human
Metabolism of Spingolipids in ER and Golgi apparatus WP4142,1/9,0.02272163384460635,1,0,0,43.57298474945533,164.89924947887437,SPHK2,WikiPathways 2019 Human
B Cell Receptor Signaling Pathway WP23,2/97,0.025444942939559963,1,0,0,8.085708510208207,29.684562453567313,SH3BP2;ELK1,WikiPathways 2019 Human
"NAD metabolism, sirtuins and aging WP3630",1/11,0.027701743059261864,1,0,0,35.650623885918,127.8524043294645,SIRT3,WikiPathways 2019 Human
SRF and miRs in Smooth Muscle Differentiation and Proliferation WP1991,1/11,0.027701743059261864,1,0,0,35.650623885918,127.8524043294645,ELK1,WikiPathways 2019 Human
ERK Pathway in Huntington's Disease WP3853,1/14,0.035125292681812,1,0,0,28.011204481792713,93.80486887352002,ELK1,WikiPathways 2019 Human
NAD+ metabolism WP3644,1/16,0.04004342652313515,1,0,0,24.509803921568626,78.86742036019079,SIRT3,WikiPathways 2019 Human
ID signaling pathway WP53,1/16,0.04004342652313515,1,0,0,24.509803921568626,78.86742036019079,ELK1,WikiPathways 2019 Human
Serotonin Receptor 4/6/7 and NR3C Signaling WP734,1/19,0.04737458019912608,1,0,0,20.639834881320947,62.944674444808555,ELK1,WikiPathways 2019 Human
Serotonin Receptor 2 and ELK-SRF/GATA4 signaling WP732,1/20,0.04980607892472869,1,0,0,19.607843137254903,58.816043836067664,ELK1,WikiPathways 2019 Human
NAD+ biosynthetic pathways WP3645,1/22,0.05465083736850441,1,0,0,17.825311942959,51.81445173064122,SIRT3,WikiPathways 2019 Human
Estrogen signaling pathway WP712,1/23,0.05706412685544591,1,0,0,17.05029838022165,48.82488680257075,ELK1,WikiPathways 2019 Human
Triacylglyceride Synthesis WP325,1/24,0.059471376321145186,1,0,0,16.33986928104575,46.11536196756235,PNPLA2,WikiPathways 2019 Human
Signal Transduction of S1P Receptor WP26,1/25,0.0618726005630431,1,0,0,15.686274509803921,43.649848433322354,SPHK2,WikiPathways 2019 Human
Sphingolipid pathway WP1422,1/27,0.06665703244937396,1,0,0,14.524328249818444,39.334709147489434,SPHK2,WikiPathways 2019 Human
PDGFR-beta pathway WP3972,1/29,0.07141754026053976,1,0,0,13.522650439486139,35.68913830823831,ELK1,WikiPathways 2019 Human
Lipid Metabolism Pathway WP3965,1/29,0.07141754026053976,1,0,0,13.522650439486139,35.68913830823831,PNPLA2,WikiPathways 2019 Human
MAPK Cascade WP422,1/29,0.07141754026053976,1,0,0,13.522650439486139,35.68913830823831,ELK1,WikiPathways 2019 Human
Prion disease pathway WP3995,1/33,0.08086725188148412,1,0,0,11.883541295306001,29.88646862008065,ELK1,WikiPathways 2019 Human
Fatty Acid Beta Oxidation WP143,1/34,0.08321490968036731,1,0,0,11.534025374855824,28.677378827230257,PNPLA2,WikiPathways 2019 Human
p38 MAPK Signaling Pathway WP400,1/34,0.08321490968036731,1,0,0,11.534025374855824,28.677378827230257,ELK1,WikiPathways 2019 Human
Signaling of Hepatocyte Growth Factor Receptor WP313,1/34,0.08321490968036731,1,0,0,11.534025374855824,28.677378827230257,ELK1,WikiPathways 2019 Human
PDGF Pathway WP2526,1/39,0.09486530070027095,1,0,0,10.055304172951232,23.68323057718093,ELK1,WikiPathways 2019 Human
IL-5 Signaling Pathway WP127,1/40,0.09717789979173756,1,0,0,9.803921568627452,22.85501923299626,ELK1,WikiPathways 2019 Human
Fas Ligand (FasL) pathway and Stress induction of Heat Shock Proteins (HSP) regulation WP314,1/42,0.10178573309710841,1,0,0,9.337068160597571,21.33413007545252,DFFA,WikiPathways 2019 Human
Ciliary landscape WP4352,2/216,0.10501263627165598,1,0,0,3.631082062454611,8.18327738061439,RABEP2;RANBP10,WikiPathways 2019 Human
Energy Metabolism WP1541,1/47,0.11320468243017383,1,0,0,8.343763037129746,18.17736962740409,SIRT3,WikiPathways 2019 Human
Structural Pathway of Interleukin 1 (IL-1) WP2637,1/49,0.117732304342972,1,0,0,8.003201280512204,17.12158334507697,ELK1,WikiPathways 2019 Human
Photodynamic therapy-induced AP-1 survival signaling. WP3611,1/50,0.11998760892209076,1,0,0,7.8431372549019605,16.63032784717054,ELK1,WikiPathways 2019 Human
IL-4 Signaling Pathway WP395,1/54,0.1289524422762036,1,0,0,7.262164124909222,14.875175069858324,ELK1,WikiPathways 2019 Human
MAPK Signaling Pathway WP382,2/246,0.13002268457226238,1,0,0,3.188267176789415,6.5042128073955805,ELK1;CACNG4,WikiPathways 2019 Human
Notch Signaling Pathway WP61,1/61,0.14442594109834228,1,0,0,6.428801028608165,12.4396555523153,PTCRA,WikiPathways 2019 Human
Endometrial cancer WP4155,1/63,0.14879722352081215,1,0,0,6.224712107065048,11.859139843707165,ELK1,WikiPathways 2019 Human
Association Between Physico-Chemical Features and Toxicity Associated Pathways WP3680,1/66,0.15531312215525786,1,0,0,5.941770647653001,11.06543111628396,ELK1,WikiPathways 2019 Human
Arrhythmogenic Right Ventricular Cardiomyopathy WP2118,1/74,0.17245072208582304,1,0,0,5.299417064122946,9.314487294062511,CACNG4,WikiPathways 2019 Human
Prolactin Signaling Pathway WP2037,1/76,0.17668157601603904,1,0,0,5.159958720330237,8.944304293711621,ELK1,WikiPathways 2019 Human
Leptin signaling pathway WP2034,1/76,0.17668157601603904,1,0,0,5.159958720330237,8.944304293711621,ELK1,WikiPathways 2019 Human
Apoptosis WP254,1/84,0.19339394838714435,1,0,0,4.668534080298786,7.670522815632257,DFFA,WikiPathways 2019 Human
Apoptosis Modulation and Signaling WP1772,1/91,0.20774411516261745,1,0,0,4.309416074121956,6.772024012848584,DFFA,WikiPathways 2019 Human
ErbB Signaling Pathway WP673,1/91,0.20774411516261745,1,0,0,4.309416074121956,6.772024012848584,ELK1,WikiPathways 2019 Human
Corticotropin-releasing hormone signaling pathway WP2355,1/93,0.211797985536789,1,0,0,4.2167404596247104,6.54489714112507,ELK1,WikiPathways 2019 Human
Thermogenesis WP4321,1/108,0.24156058641335057,1,0,0,3.631082062454611,5.158442127581278,PNPLA2,WikiPathways 2019 Human
ESC Pluripotency Pathways WP3931,1/116,0.2569805413008861,1,0,0,3.3806626098715347,4.593491926085092,ELK1,WikiPathways 2019 Human
Cell Cycle WP179,1/120,0.26457483470786863,1,0,0,3.2679738562091503,4.345199799831329,E2F4,WikiPathways 2019 Human
mRNA Processing WP411,1/126,0.2758237959033874,1,0,0,3.112356053532524,4.008692928048932,CPSF4,WikiPathways 2019 Human
Adipogenesis WP236,1/130,0.2832292051891011,1,0,0,3.0165912518853695,3.805426234726783,E2F4,WikiPathways 2019 Human
Angiopoietin Like Protein 8 Regulatory Pathway WP3915,1/132,0.28690401744075134,1,0,0,2.9708853238265003,3.709469854909061,MLXIPL,WikiPathways 2019 Human
TGF-beta Signaling Pathway WP366,1/132,0.28690401744075134,1,0,0,2.9708853238265003,3.709469854909061,E2F4,WikiPathways 2019 Human
Ectoderm Differentiation WP2858,1/138,0.2978179806035515,1,0,0,2.841716396703609,3.4420937267316747,PAN2,WikiPathways 2019 Human
Brain-Derived Neurotrophic Factor (BDNF) signaling pathway WP2380,1/144,0.30856813091166224,1,0,0,2.723311546840958,3.2021040693809866,ELK1,WikiPathways 2019 Human
NRF2 pathway WP2884,1/146,0.3121155290962235,1,0,0,2.6860059092129998,3.12753659453832,SLC6A13,WikiPathways 2019 Human
Nonalcoholic fatty liver disease WP4396,1/155,0.3278592564128742,1,0,0,2.530044275774826,2.821431648294417,MLXIPL,WikiPathways 2019 Human
Insulin Signaling WP481,1/160,0.33645255577676253,1,0,0,2.450980392156863,2.6698483653721192,ELK1,WikiPathways 2019 Human
EGF/EGFR Signaling Pathway WP437,1/162,0.3398596343779712,1,0,0,2.4207213749697405,2.612497183923122,ELK1,WikiPathways 2019 Human
Metapathway biotransformation Phase I and II WP702,1/183,0.37461437181963614,1,0,0,2.1429336762027216,2.1040568390276206,FMO4,WikiPathways 2019 Human
Ras Signaling WP4223,1/184,0.3762238289104889,1,0,0,2.1312872975277064,2.0834847038603743,ELK1,WikiPathways 2019 Human
Focal Adhesion WP306,1/198,0.39833435868049344,1,0,0,1.9805902158843336,1.8230610600013066,ELK1,WikiPathways 2019 Human
VEGFA-VEGFR2 Signaling Pathway WP3888,1/236,0.45454782218005096,1,0,0,1.6616816218012627,1.3101564499530138,ELK1,WikiPathways 2019 Human
Focal Adhesion-PI3K-Akt-mTOR-signaling pathway WP3932,1/303,0.5413846176272331,1,0,0,1.294247071766,0.794182766349277,PFKFB1,WikiPathways 2019 Human
Nuclear Receptors Meta-Pathway WP2882,1/319,0.5600263469140772,1,0,0,1.2293318581351034,0.7127315118308627,SLC6A13,WikiPathways 2019 Human
Notch Signaling Pathway WP29,2/46,0.006141999150437443,1,0,0,17.05029838022165,86.83043470219432,PTCRA;KAT2A,WikiPathways 2019 Mouse
Signal Transduction of S1P Receptor WP57,1/22,0.05465083736850441,1,0,0,17.825311942959,51.81445173064122,SPHK2,WikiPathways 2019 Mouse
Triacylglyceride Synthesis WP386,1/23,0.05706412685544591,1,0,0,17.05029838022165,48.82488680257075,PNPLA2,WikiPathways 2019 Mouse
MAPK Cascade WP251,1/28,0.06904026952667622,1,0,0,14.005602240896357,37.437889752017,ELK1,WikiPathways 2019 Mouse
Fatty Acid Beta Oxidation WP1269,1/34,0.08321490968036731,1,0,0,11.534025374855824,28.677378827230257,PNPLA2,WikiPathways 2019 Mouse
Signaling of Hepatocyte Growth Factor Receptor WP193,1/34,0.08321490968036731,1,0,0,11.534025374855824,28.677378827230257,ELK1,WikiPathways 2019 Mouse
p38 MAPK Signaling Pathway WP350,1/36,0.08789260252971193,1,0,0,10.893246187363832,26.488449189855068,ELK1,WikiPathways 2019 Mouse
ErbB signaling pathway WP1261,1/46,0.11093233713692385,1,0,0,8.525149190110826,18.745395045860334,ELK1,WikiPathways 2019 Mouse
Id Signaling Pathway WP512,1/51,0.12223726113805758,1,0,0,7.689350249903883,16.161409914851028,ELK1,WikiPathways 2019 Mouse
G1 to S cell cycle control WP413,1/61,0.14442594109834228,1,0,0,6.428801028608165,12.4396555523153,E2F4,WikiPathways 2019 Mouse
IL-5 Signaling Pathway WP151,1/69,0.1617801127894188,1,0,0,5.683432793407218,10.352470555355547,ELK1,WikiPathways 2019 Mouse
Estrogen signaling WP1244,1/77,0.1787890433370947,1,0,0,5.092946269416857,8.767755013983496,ELK1,WikiPathways 2019 Mouse
Apoptosis WP1254,1/81,0.18716615239149548,1,0,0,4.841442749939481,8.113089039754108,DFFA,WikiPathways 2019 Mouse
ESC Pluripotency Pathways WP339,1/118,0.26078724920656354,1,0,0,3.3233632436025253,4.466767501508722,ELK1,WikiPathways 2019 Mouse
Adipogenesis genes WP447,1/134,0.2905603568149415,1,0,0,2.9265437518290898,3.6170440607110654,E2F4,WikiPathways 2019 Mouse
Metapathway biotransformation WP1251,1/141,0.30321338092448824,1,0,0,2.781254345709915,3.318922246839162,FMO4,WikiPathways 2019 Mouse
Insulin Signaling WP65,1/159,0.33474255762327026,1,0,0,2.466395363176717,2.6992071212220172,ELK1,WikiPathways 2019 Mouse
MAPK signaling pathway WP493,1/159,0.33474255762327026,1,0,0,2.466395363176717,2.6992071212220172,ELK1,WikiPathways 2019 Mouse
EGFR1 Signaling Pathway WP572,1/178,0.36650581816635747,1,0,0,2.203128442388191,2.211370087770707,ELK1,WikiPathways 2019 Mouse
Focal Adhesion WP85,1/185,0.3778292249713804,1,0,0,2.1197668256491786,2.063196547405399,ELK1,WikiPathways 2019 Mouse
PluriNetWork WP1763,1/292,0.5281214823076767,1,0,0,1.3430029546064999,0.8574119548913152,DFFA,WikiPathways 2019 Mouse
Focal Adhesion-PI3K-Akt-mTOR-signaling pathway WP2841,1/324,0.5656980253554633,1,0,0,1.2103606874848702,0.6895362711940669,PFKFB1,WikiPathways 2019 Mouse
mRNA processing WP310,1/457,0.6928321100353207,1,0,0,0.8581112970352254,0.3148990214137803,CPSF4,WikiPathways 2019 Mouse
